Link,Tiêu đề,Địa chỉ,Loại hình,Mức giá,Giá/m²,Số phòng ngủ,Quận,Diện tích,Mặt tiền,Đường vào,Hướng nhà,Hướng ban công,Số tầng,Số toilet,Pháp lý,Latitude,Longitude,Tỉnh/Thành
https://batdongsan.com.vn/ban-can-ho-chung-cu-duong-nguyen-van-linh-phuong-tan-thuan-tay-1-prj-eco-green-sai-gon/ban-2pn-1wc-52m2-gia-2-820-ty-bao-thue-phi-5-so-noi-that-cdt-du-an-gon-pr37279560,"Bán căn Eco Green 1PN-2PN-3PN từ 3,9ỷ, bao thuế phí sổ hồng có sẵn vay lãi suất từ 5% 0706 679 ***","Dự án Eco Green Sài Gòn, Đường Nguyễn Văn Linh, Phường Tân Thuận Tây, Quận 7, Hồ Chí Minh",Căn hộ chung cư,"4,2 tỷ","~62,69 triệu/m²",2 phòng,Quận 7,67 m²,,,,,,,,10.7503509521484,106.723175048828,Thành phố Hồ Chí Minh
https://batdongsan.com.vn/ban-can-ho-chung-cu-duong-xa-lo-ha-noi-phuong-thao-dien-prj-masteri-thao-dien/chuyen-gia-re-nhat-thi-truong-tro-vay-80-lh-0936-721-723-mr-ai-pr34061984,"Căn hộ Masteri Thảo Điền giá rẻ nhất thị trường, hỗ trợ vay 80%. LH 0936 721 *** Mr. Hoài","Dự án Masteri Thảo Điền, Đường Xa Lộ Hà Nội, Phường Thảo Điền, Quận 2, Hồ Chí Minh",Căn hộ,"6,75 tỷ","~92,34 triệu/m²",2 phòng,,"73,1 m²",,,,,,,Sổ đỏ/ Sổ hồng,10.8021722579092,106.741949900775
https://batdongsan.com.vn/ban-can-ho-chung-cu-phuong-long-binh-3-prj-the-beverly-solari-vinhomes-grand-park/ban-gap-3pn-vinmes-q9-view-song-tang-mat-gia-2-7-ty-pr42818062,"Bán gấp căn hộ 3PN Vinhomes Grand Park Q9 view sông thoáng mát 2,7 Tý","Dự án The Beverly Solari - Vinhomes Grand Park, Phường Long Bình, Quận 9, Hồ Chí Minh",Căn hộ,Thỏa thuận,,3 phòng,Quận 9,85 m²,,,,,,,,10.8436074170537,106.846231604412,Thành phố Hồ Chí Minh
https://batdongsan.com.vn/ban-dat-duong-long-phuoc-phuong-long-phuoc-2/ban-1000m2-vuon-biet-thu-nhua-6m-thu-duc-gia-chi-18-ty-pr43060717,"Bán 1000m2 đất vườn biệt thự, đường nhựa 6m, Long Phước, Thủ Đức giá chỉ 18 tỷ","Đường Long Phước, Phường Long Phước, Quận 9, Hồ Chí Minh",Biệt thự,18 tỷ,~18 triệu/m²,,Quận 9,1.000 m²,17 m,6 m,Đông - Nam,,,,Sổ đỏ/ Sổ hồng,10.8073073426314,106.859070744971,Thành phố Hồ Chí Minh
https://batdongsan.com.vn/ban-dat-duong-linh-dong-phuong-linh-dong/ban-nha-mat-tien-kinh-doanh-dang-cho-thue-40-trieu-thang-chieu-ngang-10m-pr42852506,"Bán đất mặt tiền kinh doanh, đường Linh Đông, đang cho thuê 40 triệu/tháng. Chiều ngang 10m","Đường Linh Đông, Phường Linh Đông, Thủ Đức, Hồ Chí Minh",Đất,39 tỷ,"~108,33 triệu/m²",2 phòng,Thủ Đức,360 m²,10 m,15 m,Đông,Đông,1 tầng,,Sổ đỏ/ Sổ hồng.,10.8492306060369,106.746941515842,Thành phố Hồ Chí Minh
https://batdongsan.com.vn/ban-nha-mat-pho-duong-so-2-phuong-truong-tho-2/ban-tien-kinh-doanh-2-thon-thu-duc-20m-gia-chi-7-5-ty-pr43016678,"Bán nhà mặt tiền kinh doanh đường số 2, Trường Thọ, Thủ Đức, đường 20m, giá chỉ 7,5 tỷ","Đường Số 2, Phường Trường Thọ, Thủ Đức, Hồ Chí Minh",Nhà mặt phố,"7,5 tỷ",~150 triệu/m²,2 phòng,Thủ Đức,50 m²,"4,4 m",20 m,Đông - Bắc,Đông - Bắc,3 tầng,,Sổ đỏ/ Sổ hồng.,10.8351197098053,106.753793046826,Thành phố Hồ Chí Minh
https://batdongsan.com.vn/ban-dat-duong-so-27-phuong-hiep-binh-chanh/ban-biet-thu-200m2-khu-ben-song-thu-duc-gia-re-pr43021501,"Bán đất biệt thự 200m2, khu bên sông, Hiệp Bình Chánh, Thủ Đức giá rẻ","Đường Số 27, Phường Hiệp Bình Chánh, Thủ Đức, Hồ Chí Minh",Biệt thự,"16,5 tỷ","~82,5 triệu/m²",,Thủ Đức,200 m²,"9,5 m",15 m,Tây - Nam,,,,Sổ đỏ/ Sổ hồng.,10.8325805093905,106.732289416061,Thành phố Hồ Chí Minh
https://batdongsan.com.vn/ban-can-ho-chung-cu-duong-nguyen-van-linh-phuong-tan-thuan-tay-1-prj-eco-green-sai-gon/ban-nhanh-goc-2pn2wc-64m2-ban-cong-view-quan-1-tai-gia-chi-4-905-ty-pr43104311,"Bán nhanh căn góc 2PN 2WC 64m2 ban công view Quận 1 tại Eco Green Sài Gòn, giá chỉ 4,905 tỷ","Eco Green Sài Gòn, Nguyễn Văn Linh, Tân Thuận Tây, Quận 7, Hồ Chí Minh",Căn hộ chung cư,"4,91 tỷ","~76,28 triệu/m²",2 phòng,Quận 7,"64,3 m²",,,Nam,Bắc,,,HĐMB,10.7507795103531,106.723630502028,Thành phố Hồ Chí Minh
https://batdongsan.com.vn/ban-can-ho-chung-cu-duong-dao-tri-phuong-phu-thuan-3-prj-q7-saigon-riverside/ban-1pn-2pn-3pn-sai-gon-riverside-pr33886563,"Q7 Riverside mới lắm 2PN 3.05 tỷ giá có thuế phí, nhà rất mới căn này rất mát LH: 0902 651 ***","Dự án Q7 Saigon Riverside, Đường Đào Trí, Phường Phú Thuận, Quận 7, Hồ Chí Minh",Căn hộ chung cư,"3,05 tỷ","~45,76 triệu/m²",2 phòng,Quận 7,"66,66 m²",,,,,,,HĐMB,10.7180337905884,106.742393493652,Thành phố Hồ Chí Minh
https://batdongsan.com.vn/ban-nha-biet-thu-lien-ke-duong-tu-xuong-phuong-vo-thi-sau/-tai-quan-3-ho-chi-minh-gia-cuc-chat-92-ty-125-m2-pr43219813,"Nhà riêng tại đường Tú Xương, Quận 3, Hồ Chí Minh, 7mx20m giá cực chất 92 tỷ, 119,3m2","Đường Tú Xương, Phường Võ Thị Sáu, Quận 3, Hồ Chí Minh",Nhà riêng,92 tỷ,"~771,16 triệu/m²",8 phòng,Quận 3,"119,3 m²",,20 m,,,4 tầng,,Sổ đỏ/ Sổ hồng.,10.7804649221356,106.686257124105,Thành phố Hồ Chí Minh
https://batdongsan.com.vn/ban-nha-biet-thu-lien-ke-duong-vo-chi-cong-phuong-phu-huu-2-prj-mega-village/chinh-chu-ban-can-tho-5x15m-gia-tot-t-trong-khu-goi-ngay-o982667473-pr33906590,Chính chủ bán nhà phố Mega Village 5x15m. Không đối nhà. Sổ hồng riêng. Gọi 0982 667 *** Mr Phan Điền,"Dự án Mega Village, Đường Võ Chí Công, Phường Phú Hữu, Quận 9, Hồ Chí Minh",Biệt thự/Liền kề,8 tỷ,"~106,67 triệu/m²",3 phòng,Quận 9,75 m²,5 m,20 m,Tây - Bắc,Tây - Bắc,3 tầng,,Sổ đỏ/ Sổ hồng,10.7847099304199,106.79044342041,Thành phố Hồ Chí Minh
https://batdongsan.com.vn/ban-nha-rieng-duong-160-phuong-tang-nhon-phu-a/bn-gp-3-dep-lung-linh-ngy-trung-tm-80m2-gi-7-ty-pr43179344,"Bán gấp nhà 3 tầng đẹp lung linh ngay trung tâm Tăng Nhơn Phú A, 72.1m2 giá 7 tỷ","Đường 160, Phường Tăng Nhơn Phú A, Quận 9, Hồ Chí Minh",Nhà riêng,7 tỷ,"~97,09 triệu/m²",4 phòng,Quận 9,"72,1 m²",,,,,3 tầng,,Sổ đỏ/ Sổ hồng,10.8376424483315,106.790499122963,Thành phố Hồ Chí Minh
https://batdongsan.com.vn/ban-can-ho-chung-cu-duong-xa-lo-ha-noi-phuong-thao-dien-prj-masteri-thao-dien/gia-re-n-thi-truong-300tr-tong-p-tai-lh-tieu-hien-pr42826413,Giá rẻ hơn thị trường 300tr tổng hợp căn hộ tại Masteri Thảo Điền. LH: 0903 037 *** Tiểu Hiền,"Masteri Thảo Điền, Xa Lộ Hà Nội, Thảo Điền, Quận 2, Hồ Chí Minh",Căn hộ,Thỏa thuận,,2 phòng,Quận 2,75 m²,,,,,,,Sổ đỏ/ Sổ hồng,10.803073574686685,106.74138177237228,Thành phố Hồ Chí Minh
https://batdongsan.com.vn/ban-can-ho-chung-cu-duong-dao-tri-phuong-phu-thuan-3-prj-q7-saigon-riverside/chinh-chu-ban-nhanh-ch-tang-cao-2pn-2wc-view-song-thoang-mat-chi-2t2-lh-0931877334-pr33149960,"Chính chủ bán CH Q7 Riverside tầng cao 3PN 2WC giá 4,05 tỷ. Thiện chí thương lượng. LH 0704 589 ***","Dự án Q7 Saigon Riverside, Đường Đào Trí, Phường Phú Thuận, Quận 7, Hồ Chí Minh",Căn hộ chung cư,"4,05 tỷ","~47,65 triệu/m²",3 phòng,Quận 7,85 m²,,,,,,,Sổ đỏ/ Sổ hồng,10.7180337905884,106.742393493652,Thành phố Hồ Chí Minh
https://batdongsan.com.vn/ban-nha-biet-thu-lien-ke-duong-8-2-phuong-11-8/ban-san-vuon-cao-cap-co-ho-boi-thang-may-go-vap-p-11-dien-tich-khung-260m-chi-23-5-ty-pr43282411,"Bán biệt thự sân vườn cao cấp có hồ bơi, thang máy Gò Vấp, P.11 diện tích khủng 258.4m2, chỉ 23,5tỷ","Đường 8, Phường 11, Gò Vấp, Hồ Chí Minh",Biệt thự,"23,5 tỷ","~90,94 triệu/m²",6 phòng,,"258,4 m²","8,2 m",20 m,Đông - Bắc,Đông - Bắc,4 tầng,,Sổ đỏ/ Sổ hồng.,10.8448413108443,106.660606167149,Thành phố Hồ Chí Minh
https://batdongsan.com.vn/ban-can-ho-chung-cu-phuong-long-thanh-my-prj-vinhomes-grand-park/-2pn-61-5m-gia-chi-2-8-ty-chiet-khau-28-toan-gian-180-ngay-the-origami-vgp-pr43301916,CĂN 2PN 61.5m² GIÁ CHỈ 2.8 TỶ - CHIẾT KHẤU 28% THANH TOÁN GIÃN 180 NGÀY THE ORIGAMI VGP,"Vinhomes Grand Park, Long Thạnh Mỹ, Quận 9, Hồ Chí Minh",Căn hộ chung cư,"2,8 tỷ","~45,53 triệu/m²",2 phòng,Quận 9,"61,5 m²",,,,,,,,10.841429070635398,106.84010636658856,Thành phố Hồ Chí Minh
https://batdongsan.com.vn/ban-can-ho-chung-cu-duong-huynh-ba-chanh-xa-tan-kien-prj-conic-boulevard/-lien-ke-vo-van-kiet-chi-tt-400tr-nhan-nha-gia-cdt-ck-17-tang-nt-160tr-pr43301659,"Căn hộ Conic Boulevard liền kề Võ Văn Kiệt, Chỉ TT 400tr nhận nhà, giá CĐT, CK 17%, Tặng NT 160tr","Dự án Conic Boulevard, Đường Huỳnh Bá Chánh, Xã Tân Kiên, Bình Chánh, Hồ Chí Minh",Nhà liền kề,"2,4 tỷ","~28,24 triệu/m²",2 phòng,,85 m²,,,,,,,Hợp đồng mua bán,10.7061389208829,106.60023603924,Thành phố Hồ Chí Minh
https://batdongsan.com.vn/ban-can-ho-chung-cu-duong-lo-lu-phuong-truong-thanh-prj-chung-cu-elysian/-thu-duc-gio-hang-noi-bo-cdt-06-2025-cam-ket-ck-cao-nhat-tang-5-nam-pql-bao-thue-phi-so-pr43196674,Elysian Thủ Đức 06/2025. Giá thật! Trực tiếp CĐT-Cam kết CK cao nhất. Tặng 5 năm PQL - Bao thuế phí,"Dự án Elysian, Đường Lò Lu, Phường Trường Thạnh, Quận 9, Hồ Chí Minh",Căn hộ chung cư,"2,36 tỷ","~62,1 triệu/m²",1 phòng,Quận 9,38 m²,,,,,,,Hợp đồng mua bán,10.82664393987876,106.81873896864296,Thành phố Hồ Chí Minh
https://batdongsan.com.vn/ban-can-ho-chung-cu-duong-dien-bien-phu-phuong-22-prj-vinhomes-central-park/quan-ly-nhieu-vinmes-gia-tot-1pn-5-ty-2pn-7-2-ty-3pn-11-3-ty-4pn-17-ty-pr43272211,"Quản lý nhiều căn hộ Vinhomes Central Park giá tốt 1PN=5 tỷ, 2PN=7.2 tỷ, 3PN=11.3 tỷ, 4PN=17 tỷ","Dự án Vinhomes Central Park, Đường Điện Biên Phủ, Phường 22, Bình Thạnh, Hồ Chí Minh",Căn hộ,17 tỷ,"~109,68 triệu/m²",4 phòng,Bình Thạnh,155 m²,,,Đông - Bắc,Tây - Nam,,,Sổ đỏ/ Sổ hồng,10.7949285507202,106.720741271973,Thành phố Hồ Chí Minh
https://batdongsan.com.vn/ban-can-ho-chung-cu-duong-dai-lo-vong-cung-phuong-thu-thiem-prj-the-opera-residence/cap-nhat-gia-ban-moi-nhat-1pn-12-ty-2pn-16ty-3pn-50ty-4pn-70-ty-pr42686791,"Cập nhật giá bán mới nhất(1PN:12tỷ)(2PN:16tỷ)(3PN:30tỷ)(4PN:70tỷ)giá cập nhật 24/7, xem nhà nhanh","Dự án The Opera Residence, Đường Đại Lộ Vòng Cung, Phường Thủ Thiêm, Quận 2, Hồ Chí Minh",Căn hộ chung cư,16 tỷ,"~228,57 triệu/m²",2 phòng,Quận 2,70 m²,,,,,,,,10.7722363143738,106.713749135456,Thành phố Hồ Chí Minh
https://batdongsan.com.vn/ban-can-ho-chung-cu-duong-dai-lo-vong-cung-phuong-thu-thiem-prj-the-opera-residence/nam-full-gio-hang-ban-tai-metropole-1pn2pn3pn4pn-moi-nhat-cam-ket-gia-re-nhat-thi-truong-pr43277977,Nắm full giỏ hàng bán tại Opera-Metropole 1PN-2PN-3PN-4PN mới nhất. Cam kết giá rẻ nhất thị trường,"The Opera Residence, Đại Lộ Vòng Cung, Thủ Thiêm, Quận 2, Hồ Chí Minh",Căn hộ chung cư,20 tỷ,"~285,71 triệu/m²",2 phòng,Quận 2,70 m²,,,,,,,Sổ đỏ/ Sổ hồng,10.7724072478931,106.71428247525,Thành phố Hồ Chí Minh
https://batdongsan.com.vn/ban-nha-mat-pho-duong-cong-hoa-phuong-13-10-prj-etown-building/ha-gia-chi-con-57-ty-ban-gap-toa-khach-san-tien-hoa-pr43300581,Hạ Giá chỉ còn 57 tỷ - Bán gấp Tòa nhà khách sạn Mặt Tiền Cộng Hòa,"440 Cộng Hòa, 13, Tân Bình, Hồ Chí Minh",Nhà mặt phố,57 tỷ,"~398,6 triệu/m²",30 phòng,Tân Bình,143 m²,,,,,10 tầng,,Sổ đỏ/ Sổ hồng,10.801495556479251,106.6481910342539,Thành phố Hồ Chí Minh
https://batdongsan.com.vn/ban-can-ho-chung-cu-duong-dai-lo-vong-cung-phuong-thu-thiem-prj-the-opera-residence/em-nhi-quan-ly-full-gio-hang-ban-1pn-12ty-2pn-19ty-3pn-29ty-4pn-75-ty-pr43247333,Em Nhi quản lý full giỏ hàng căn bán Opera (1PN - 12tỷ)(2PN - 19.9tỷ)(3PN - 29tỷ)(4PN - 75 tỷ),"The Opera Residence, Đại Lộ Vòng Cung, Thủ Thiêm, Quận 2, Hồ Chí Minh",Căn hộ chung cư,"19,9 tỷ","~284,29 triệu/m²",2 phòng,Quận 2,70 m²,,,,,,,Hợp đồng mua bán,10.7726908236228,106.713696662038,Thành phố Hồ Chí Minh
https://batdongsan.com.vn/ban-can-ho-chung-cu-duong-lo-lu-phuong-truong-thanh-prj-chung-cu-elysian/ro-si-dot-1-du-an-gia-53-trieu-m2-102-toan-theo-tien-do-den-t11-28-chiet-khau-8-pr43299653,Rổ sỉ đợt 1 dự án Elysian giá 53 triệu/m2 (102%). Thanh toán theo tiến độ đến T11/28. Chiết khấu 8%,"Dự án Elysian, Đường Lò Lu, Phường Trường Thạnh, Quận 9, Hồ Chí Minh",Căn hộ chung cư,"4,2 tỷ","~52,5 triệu/m²",2 phòng,Quận 9,80 m²,,,,,,,,10.82564860511108,106.818867840742,Thành phố Hồ Chí Minh
https://batdongsan.com.vn/ban-can-ho-chung-cu-duong-phuoc-thien-phuong-long-binh-3-prj-the-origami-vinhomes-grand-park/-dot-chay-thi-truong-ck-25-thanh-toan-480-ngay-2pn-gia-2-650-ty-tang-noi-that-250tr-pr42554605,"Origami đốt cháy thị trường ck 25%, thanh toán 480 ngày, căn 2PN giá 2.650 tỷ, tặng nội thất 250tr","Dự án The Origami, Đường Phước Thiện, Phường Long Bình, Quận 9, Hồ Chí Minh",Căn hộ chung cư,"2,65 tỷ","~44,92 triệu/m²",2 phòng,Quận 9,59 m²,,,,,,,,10.8432080432686,106.843076353938,Thành phố Hồ Chí Minh
https://batdongsan.com.vn/ban-can-ho-chung-cu-duong-huynh-ba-chanh-xa-tan-kien-prj-conic-boulevard/-gia-2-6ty-85m2-2pn2wc-gom-vat-tt-25-nhan-nha-tra-1-thang-khong-vay-bank-pr42309814,"Conic Bình Chánh: Chỉ cần 400tr nhận nhà, nhận sổ ngay, căn 85m2 (2PN2WC), mỗi tháng góp 12.5tr","Dự án Conic Boulevard, Đường Huỳnh Bá Chánh, Xã Tân Kiên, Bình Chánh, Hồ Chí Minh",Căn hộ chung cư,"2,45 tỷ","~28,82 triệu/m²",2 phòng,,85 m²,,,,,,,Hợp đồng mua bán,10.706771069503722,106.5999456756353,Thành phố Hồ Chí Minh
https://batdongsan.com.vn/ban-dat-duong-quoc-lo-22-xa-xuan-thoi-dong/chinh-chu-ban-khuon-vien-2585-m2-hai-mat-tien-truoc-sau-gia-thuong-luong-pr43222953,"CC bán đất 2585 m2, 2 mặt tiền trước sau, có khách muốn thuê dài hạn 150 tr/tháng, giá: 25 tr/m2","Đường Quốc Lộ 22, Xã Xuân Thới Đông, Hóc Môn, Hồ Chí Minh",Đất,25 triệu/m²,"~64,62 tỷ",,,2.585 m²,27 m,60 m,,,,,Sổ đỏ/ Sổ hồng.,10.8608889240347,106.603160937173,Thành phố Hồ Chí Minh
https://batdongsan.com.vn/ban-nha-mat-pho-duong-le-thi-ha-xa-tan-xuan-5/2667m2-2-tien-30x80m-gia-93-ty-hdt-280tr-tng-pr43299270,"2667m2 2 Mặt Tiền Lê Thị Hà, 30x80m giá 93 tỷ, HĐT 280tr/tháng","Đường Lê Thị Hà, Xã Tân Xuân, Hóc Môn, Hồ Chí Minh",Nhà mặt phố,93 tỷ,"~34,87 triệu/m²",,,2.667 m²,,,,,,,,10.8804009390757,106.599366257521,Thành phố Hồ Chí Minh
https://batdongsan.com.vn/ban-nha-biet-thu-lien-ke-phuong-phuoc-long-b-prj-the-garland/-song-lap-full-noi-that-cao-cap-khu-quan-9-pr43298969,"Biệt thự song lập Full nội thất cao cấp, khu Garland, Quận 9","Dự án The Garland, Phường Phước Long B, Quận 9, Hồ Chí Minh",Biệt thự,22 tỷ,"~125,36 triệu/m²",4 phòng,Quận 9,"175,5 m²",,,,,3 tầng,,Sổ đỏ/ Sổ hồng,10.815778159409403,106.7847124357766,Thành phố Hồ Chí Minh
https://batdongsan.com.vn/ban-can-ho-chung-cu-duong-n1-phuong-son-ky-prj-diamond-centery/em-thu-nhan-vien-cdt-chuyen-ro-hang-moi-ban-lai-celadon-city-a-c-biet-gia-va-chon-inbox-em-pr42979161,Em Thư nhân viên CĐT chuyên rổ hàng tất cả các khu Celadon City A/C cần biết giá chọn căn inbox em,"Dự án Diamond Centery Celadon City, Đường N1, Phường Sơn Kỳ, Tân Phú, Hồ Chí Minh",Căn hộ chung cư,"7,5 tỷ","~61,98 triệu/m²",3 phòng,,121 m²,,,,,,,Hợp đồng mua bán,10.8040038094963,106.61740405485,Thành phố Hồ Chí Minh
https://batdongsan.com.vn/ban-can-ho-chung-cu-phuong-long-thanh-my-prj-vinhomes-grand-park/-ban-gap-3pn-vinme-q9-view-song-tang-mat-gia-2-7-ty-re-nhat-thi-truong-pr42749757,Cần bán gấp căn hộ 3PN Vinhomes Q9 view sông thoáng mát 2.7 tỷ,"Dự án Vinhomes Grand Park, Phường Long Thạnh Mỹ, Quận 9, Hồ Chí Minh",Căn hộ,"2,7 tỷ","~33,75 triệu/m²",3 phòng,Quận 9,80 m²,,,,,,,,10.8413277315434,106.840440011106,Thành phố Hồ Chí Minh
https://batdongsan.com.vn/ban-can-ho-chung-cu-duong-dien-bien-phu-phuong-22-prj-vinhomes-central-park/chinh-chu-ket-tien-ban-gap-di-dinh-1pn4ty5-2pn6ty8-3pn11ty-4pn17ty-park-pr42730232,"Chính chủ Kẹt tiền bán gấp đi định cư 1PN 4tỷ5, 2PN 6tỷ8, 3PN 11tỷ, 4PN 17tỷ Vinhomes Central Park","Dự án Vinhomes Central Park, Đường Điện Biên Phủ, Phường 22, Bình Thạnh, Hồ Chí Minh",Căn hộ chung cư,"6,8 tỷ",~80 triệu/m²,2 phòng,Bình Thạnh,85 m²,,,Đông,Nam,,,,10.79446405791,106.720868443551,Thành phố Hồ Chí Minh
https://batdongsan.com.vn/ban-dat-duong-long-phuoc-phuong-long-phuoc-2/ban-1000m2-vuon-biet-thu-nhua-6m-thu-duc-gia-chi-18-ty-pr43060717,"Bán 1000m2 đất vườn biệt thự, đường nhựa 6m, Long Phước, Thủ Đức giá chỉ 18 tỷ","Đường Long Phước, Phường Long Phước, Quận 9, Hồ Chí Minh",Biệt thự,18 tỷ,~18 triệu/m²,,Quận 9,1.000 m²,17 m,6 m,Đông - Nam,,,,Sổ đỏ/ Sổ hồng,10.8073073426314,106.859070744971,Thành phố Hồ Chí Minh
https://batdongsan.com.vn/ban-dat-duong-linh-dong-phuong-linh-dong/ban-nha-mat-tien-kinh-doanh-dang-cho-thue-40-trieu-thang-chieu-ngang-10m-pr42852506,"Bán đất mặt tiền kinh doanh, đường Linh Đông, đang cho thuê 40 triệu/tháng. Chiều ngang 10m","Đường Linh Đông, Phường Linh Đông, Thủ Đức, Hồ Chí Minh",Đất,39 tỷ,"~108,33 triệu/m²",2 phòng,Thủ Đức,360 m²,10 m,15 m,Đông,Đông,1 tầng,,Sổ đỏ/ Sổ hồng.,10.8492306060369,106.746941515842,Thành phố Hồ Chí Minh
https://batdongsan.com.vn/ban-nha-mat-pho-duong-so-2-phuong-truong-tho-2/ban-tien-kinh-doanh-2-thon-thu-duc-20m-gia-chi-7-5-ty-pr43016678,"Bán nhà mặt tiền kinh doanh đường số 2, Trường Thọ, Thủ Đức, đường 20m, giá chỉ 7,5 tỷ","Đường Số 2, Phường Trường Thọ, Thủ Đức, Hồ Chí Minh",Nhà mặt phố,"7,5 tỷ",~150 triệu/m²,2 phòng,Thủ Đức,50 m²,"4,4 m",20 m,Đông - Bắc,Đông - Bắc,3 tầng,,Sổ đỏ/ Sổ hồng.,10.8351197098053,106.753793046826,Thành phố Hồ Chí Minh
https://batdongsan.com.vn/ban-dat-duong-so-27-phuong-hiep-binh-chanh/ban-biet-thu-200m2-khu-ben-song-thu-duc-gia-re-pr43021501,"Bán đất biệt thự 200m2, khu bên sông, Hiệp Bình Chánh, Thủ Đức giá rẻ","Đường Số 27, Phường Hiệp Bình Chánh, Thủ Đức, Hồ Chí Minh",Biệt thự,"16,5 tỷ","~82,5 triệu/m²",,Thủ Đức,200 m²,"9,5 m",15 m,Tây - Nam,,,,Sổ đỏ/ Sổ hồng.,10.8325805093905,106.732289416061,Thành phố Hồ Chí Minh
https://batdongsan.com.vn/ban-can-ho-chung-cu-duong-nguyen-van-linh-phuong-tan-thuan-tay-1-prj-eco-green-sai-gon/ban-nhanh-goc-2pn2wc-64m2-ban-cong-view-quan-1-tai-gia-chi-4-905-ty-pr43104311,"Bán nhanh căn góc 2PN 2WC 64m2 ban công view Quận 1 tại Eco Green Sài Gòn, giá chỉ 4,905 tỷ","Eco Green Sài Gòn, Nguyễn Văn Linh, Tân Thuận Tây, Quận 7, Hồ Chí Minh",Căn hộ chung cư,"4,91 tỷ","~76,28 triệu/m²",2 phòng,Quận 7,"64,3 m²",,,Nam,Bắc,,,HĐMB,10.7507795103531,106.723630502028,Thành phố Hồ Chí Minh
https://batdongsan.com.vn/ban-can-ho-chung-cu-duong-dao-tri-phuong-phu-thuan-3-prj-q7-saigon-riverside/ban-1pn-2pn-3pn-sai-gon-riverside-pr33886563,"Q7 Riverside mới lắm 2PN 3.05 tỷ giá có thuế phí, nhà rất mới căn này rất mát LH: 0902 651 ***","Dự án Q7 Saigon Riverside, Đường Đào Trí, Phường Phú Thuận, Quận 7, Hồ Chí Minh",Căn hộ chung cư,"3,05 tỷ","~45,76 triệu/m²",2 phòng,Quận 7,"66,66 m²",,,,,,,HĐMB,10.7180337905884,106.742393493652,Thành phố Hồ Chí Minh
https://batdongsan.com.vn/ban-nha-biet-thu-lien-ke-duong-tu-xuong-phuong-vo-thi-sau/-tai-quan-3-ho-chi-minh-gia-cuc-chat-92-ty-125-m2-pr43219813,"Nhà riêng tại đường Tú Xương, Quận 3, Hồ Chí Minh, 7mx20m giá cực chất 92 tỷ, 119,3m2","Đường Tú Xương, Phường Võ Thị Sáu, Quận 3, Hồ Chí Minh",Nhà riêng,92 tỷ,"~771,16 triệu/m²",8 phòng,Quận 3,"119,3 m²",,20 m,,,4 tầng,,Sổ đỏ/ Sổ hồng.,10.7804649221356,106.686257124105,Thành phố Hồ Chí Minh
https://batdongsan.com.vn/ban-nha-biet-thu-lien-ke-duong-vo-chi-cong-phuong-phu-huu-2-prj-mega-village/chinh-chu-ban-can-tho-5x15m-gia-tot-t-trong-khu-goi-ngay-o982667473-pr33906590,Chính chủ bán nhà phố Mega Village 5x15m. Không đối nhà. Sổ hồng riêng. Gọi 0982 667 *** Mr Phan Điền,"Dự án Mega Village, Đường Võ Chí Công, Phường Phú Hữu, Quận 9, Hồ Chí Minh",Biệt thự/Liền kề,8 tỷ,"~106,67 triệu/m²",3 phòng,Quận 9,75 m²,5 m,20 m,Tây - Bắc,Tây - Bắc,3 tầng,,Sổ đỏ/ Sổ hồng,10.7847099304199,106.79044342041,Thành phố Hồ Chí Minh
https://batdongsan.com.vn/ban-nha-rieng-duong-160-phuong-tang-nhon-phu-a/bn-gp-3-dep-lung-linh-ngy-trung-tm-80m2-gi-7-ty-pr43179344,"Bán gấp nhà 3 tầng đẹp lung linh ngay trung tâm Tăng Nhơn Phú A, 72.1m2 giá 7 tỷ","Đường 160, Phường Tăng Nhơn Phú A, Quận 9, Hồ Chí Minh",Nhà riêng,7 tỷ,"~97,09 triệu/m²",4 phòng,Quận 9,"72,1 m²",,,,,3 tầng,,Sổ đỏ/ Sổ hồng,10.8376424483315,106.790499122963,Thành phố Hồ Chí Minh
https://batdongsan.com.vn/ban-can-ho-chung-cu-phuong-long-thanh-my-prj-vinhomes-grand-park/dat-coc-100tr-toan-truoc-20-so-huu-ngay-cao-cap-2pn-the-beverly-vinmes-park-pr43051010,Đặt Cọc 100Tr thânh Toán Trước 20% Sở Hữu Ngay Căn Hộ Cao Cấp 2PN The Beverly -Vinhomes Grand Park,"Vinhomes Grand Park, Long Thạnh Mỹ, Quận 9, Hồ Chí Minh",Căn hộ,"5,5 tỷ","~75,86 triệu/m²",2 phòng,Quận 9,"72,5 m²",,,,,,,Hợp đồng mua bán,10.840996497815548,106.84049929649463,Thành phố Hồ Chí Minh
https://batdongsan.com.vn/ban-can-ho-chung-cu-duong-n1-phuong-son-ky-prj-celadon-city/hot-nhan-booking-100tr-co-hoan-lai-ro-hang-doc-quyen-dep-truc-tiep-cdt-cam-ket-ck-cao-nhat-pr42691590,Celadon City 06/2025. Mua trực tiếp CĐT. Giá thật! Cam kết CK cao nhất. Bao thuế phí & 5% sổ,"Dự án Celadon City, Đường N1, Phường Sơn Kỳ, Tân Phú, Hồ Chí Minh",Căn hộ chung cư,"5,9 tỷ","~61,46 triệu/m²",2 phòng,,96 m²,,,,,,,Đang chờ sổ,10.8040766298076,106.6159562333,Thành phố Hồ Chí Minh
https://batdongsan.com.vn/ban-can-ho-chung-cu-duong-dien-bien-phu-phuong-22-prj-vinhomes-central-park/gio-hang-200-vinmes-dang-rao-ban-1-2-3-4pn-gia-tot-so-ng-cong-ngay-pr43266293,Giỏ hàng 200 căn hộ Vinhomes Central Park đang rao bán 1-2-3-4PN. Giá tốt sổ hồng công chứng ngay,"Vinhomes Central Park, 720A, Đường Điện Biên Phủ, Phường 22, Bình Thạnh, Hồ Chí Minh",Căn hộ,"7,5 tỷ","~86,21 triệu/m²",2 phòng,Bình Thạnh,87 m²,,,,,,,Sổ đỏ/ Sổ hồng,10.794611357599978,106.72072827478434,Thành phố Hồ Chí Minh
https://batdongsan.com.vn/ban-can-ho-chung-cu-phuong-long-thanh-my-prj-vinhomes-grand-park/-vinmes-gia-soc-giam-25-toan-gian-480-ngay-co-i-dau-tu-hiem-co-lh-pr42873959,"Căn hộ Vinhomes giá sốc giảm 25%, thanh toán giãn 480 ngày, cơ hội đầu tư hiếm có LH 0906 806 ***","Dự án Vinhomes Grand Park, Phường Long Thạnh Mỹ, Quận 9, Hồ Chí Minh",Căn hộ,"2,6 tỷ","~44,07 triệu/m²",2 phòng,Quận 9,59 m²,,,Đông - Nam,,,,,10.841358962974107,106.84083622628533,Thành phố Hồ Chí Minh
https://batdongsan.com.vn/ban-can-ho-chung-cu-duong-dien-bien-phu-phuong-22-prj-vinhomes-central-park/gio-hang-moi-nhat-1-2-3-4-pn-gia-re-nhat-thi-truong-lh-em-binh-an-pr43272149,Giỏ hàng Vinhomes Central Park mới nhất 1-2-3-4 PN giá rẻ nhất thị trường. LH em Bình An 0906 825 ***,"Dự án Vinhomes Central Park, Đường Điện Biên Phủ, Phường 22, Bình Thạnh, Hồ Chí Minh",Căn hộ chung cư,"7,5 tỷ","~90,36 triệu/m²",2 phòng,Bình Thạnh,83 m²,,,,,,,Sổ đỏ/ Sổ hồng,10.7946483929535,106.720517256253,Thành phố Hồ Chí Minh
https://batdongsan.com.vn/ban-can-ho-chung-cu-phuong-long-thanh-my-prj-vinhomes-grand-park/chu-nha-gui-ban-lo-3pn-vinmes-gia-chi-2-7-ty-con-thuong-luong-pr38809002,"Chủ nhà gửi bán gấp căn hộ góc 3PN Vinhomes Grand Park giá chỉ 2,85 tỷ","Dự án Vinhomes Grand Park, Phường Long Thạnh Mỹ, Quận 9, Hồ Chí Minh",Căn hộ,Thỏa thuận,,3 phòng,Quận 9,90 m²,,,,,,,,10.8414618390231,106.840056442959,Thành phố Hồ Chí Minh
https://batdongsan.com.vn/ban-can-ho-chung-cu-duong-dai-lo-vong-cung-phuong-thu-thiem-prj-the-opera-residence/gio-hang-3pn-gia-tot-nhat-tai-metropole-crest-galleria-chi-tu-14-3-ty-3pn-pr40484497,Nắm key nhiều căn hộ giá tốt chốt nhanh The Opera Metropole Thủ Thiêm! Giá chỉ từ 16tỷ5/2PN 83m2,"Dự án The Opera Residence, Đường Đại Lộ Vòng Cung, Phường Thủ Thiêm, Quận 2, Hồ Chí Minh",Căn hộ,"16,5 tỷ","~198,8 triệu/m²",2 phòng,Quận 2,83 m²,,,,,,,,10.77273904823064,106.71354173555349,Thành phố Hồ Chí Minh
https://batdongsan.com.vn/ban-can-ho-chung-cu-duong-mai-chi-tho-phuong-an-phu-prj-eaton-park/1pn-suat-noi-bo-gia-tu-6-3ty-thanh-toan-289tr-6-thang-duy-nhat-tai-quan-2-pr42296626,"1PN suất nội bộ giá chỉ từ 6,3tỷ, thanh toán chỉ 289tr/6 tháng duy nhất tại Eaton Park Quận 2","Dự án Eaton Park, Đường Mai Chí Thọ, Phường An Phú, Quận 2, Hồ Chí Minh",Căn hộ chung cư,Thỏa thuận,,2 phòng,Quận 2,75 m²,,,Đông - Nam,Tây - Bắc,,,Hợp đồng mua bán,10.7948042587917,106.752935916404,Thành phố Hồ Chí Minh
https://batdongsan.com.vn/ban-can-ho-chung-cu-duong-phuoc-thien-phuong-long-binh-3-prj-the-origami-vinhomes-grand-park/tra-truoc-chi-800tr-so-huu-ngay-2pn-tai-vinmes-kng-ao-gia-pr42929998,Trả trước chỉ 800tr sở hữu ngay căn hộ 2PN tại Origami Vinhomes Grand Park không ảo giá 0911 688 ***,"Dự án The Origami, Đường Phước Thiện, Phường Long Bình, Quận 9, Hồ Chí Minh",Căn hộ,"3,35 tỷ","~56,53 triệu/m²",2 phòng,Quận 9,"59,3 m²",,,,,,,Hợp đồng mua bán,10.843254717437,106.843244032057,Thành phố Hồ Chí Minh
https://batdongsan.com.vn/ban-can-ho-chung-cu-duong-huynh-ba-chanh-xa-tan-kien-prj-conic-boulevard/-2-2-ty-85m2-nhan-nha-dang-ky-so-hong-trao-tay-pr43252399,"Conic Boulevard 2,4 tỷ, 84m2 nhận nhà đăng ký sổ hồng trao tay","Dự án Conic Boulevard, Đường Huỳnh Bá Chánh, Xã Tân Kiên, Bình Chánh, Hồ Chí Minh",Căn hộ chung cư,"2,4 tỷ","~28,57 triệu/m²",2 phòng,,84 m²,,,,,,,,10.7061837220424,106.599703288299,Thành phố Hồ Chí Minh
https://batdongsan.com.vn/ban-can-ho-chung-cu-duong-so-9-phuong-linh-xuan-prj-happy-one-sora/ban-2pn-2wc-69m2-gia-f0-giai-doan-1-truc-tiep-cdt-chiet-khau-len-den-12-5-pr42932183,"Bán căn hộ Happy One Sora 2PN 2WC 69m2. Giá F0 giai đoạn 1. Trực tiếp CDT, chiết khấu lên đến 12,5%","Happy One Sora, 27, Đường Số 9, Phường Linh Xuân, Thủ Đức, Hồ Chí Minh",Căn hộ,"45,9 triệu/m²","~3,17 tỷ",2 phòng,Thủ Đức,69 m²,,,Đông,Nam,,,Hợp đồng mua bán,10.8858817055582,106.771160111002,Thành phố Hồ Chí Minh
https://batdongsan.com.vn/ban-can-ho-chung-cu-duong-so-9-phuong-linh-xuan-prj-happy-one-sora/-2pn-2wc-69-3m-tai-tp-thu-duc-chi-960-trieu-da-nhan-nha-pr43295813,"Căn hộ 2PN 2WC, 69.3m² tại TP. Thủ Đức Chỉ cần 960 triệu đã nhận nhà!","Happy One Sora, Số 9, Linh Xuân, Thủ Đức, Hồ Chí Minh",Căn hộ,"3,2 tỷ","~46,36 triệu/m²",2 phòng,Thủ Đức,"69,03 m²",,,Tây - Nam,Đông - Bắc,,,Hợp đồng mua bán,10.886673772827926,106.77051967324705,Thành phố Hồ Chí Minh
https://batdongsan.com.vn/ban-can-ho-chung-cu-duong-n1-phuong-son-ky-prj-diamond-alnata-plus-celadon-city/ban-sky-linked-villa-o-to-len-tan-nha-tai-gia-f0-cdt-tt-trong-3-nam-0-lai-suat-pr43069820,Bán căn sky linked villa ô tô lên tận nhà tại Celadon City giá F0 CĐT. TT trong 3 năm 0% lãi suất,"Dự án Diamond Alnata Plus - Celadon City, Đường N1, Phường Sơn Kỳ, Tân Phú, Hồ Chí Minh",Căn hộ chung cư,"9,6 tỷ","~58,9 triệu/m²",2 phòng,,163 m²,,,,,,,Hợp đồng mua bán,10.80646533184645,106.61581465014905,Thành phố Hồ Chí Minh
https://batdongsan.com.vn/ban-can-ho-chung-cu-duong-nguyen-co-thach-phuong-an-khanh-prj-the-river-thu-thiem/tan-truong-full-gio-hang-t1-2025-da-so-tro-vay-bank-70-pr42085179,Tấn Trường: Full giỏ hàng The River Thủ Thiêm T6/2025 - Đã có sổ - Hỗ trợ vay Bank 70%,"Dự án The River Thủ Thiêm, Đường Nguyễn Cơ Thạch, Phường An Khánh, Quận 2, Hồ Chí Minh",Căn hộ chung cư,"20,5 tỷ","~147,48 triệu/m²",3 phòng,Quận 2,139 m²,,,,,,,Sổ đỏ/ Sổ hồng,10.7821897689462,106.71912740632,Thành phố Hồ Chí Minh
https://batdongsan.com.vn/ban-can-ho-chung-cu-duong-tran-bach-dang-phuong-an-khanh-prj-the-river-thu-thiem/cap-nhat-full-gio-hang-chuyen-nhuong-tu-1-4pn-pool-villa-penhouse-gia-tot-nhat-pr42540292,Cập nhật full giỏ hàng chuyển nhượng The River - từ 1PN - 4PN - Pool Villa - Penhouse - Đã có sổ,"Dự án The River Thủ Thiêm, Đường Trần Bạch Đằng, Phường An Khánh, Quận 2, Hồ Chí Minh",Căn hộ chung cư,20 tỷ,"~142,86 triệu/m²",3 phòng,Quận 2,140 m²,,,,,,,Sổ đỏ/ Sổ hồng,10.7819855492237,106.71937744803,Thành phố Hồ Chí Minh
https://batdongsan.com.vn/ban-can-ho-chung-cu-duong-so-9-phuong-linh-xuan-prj-happy-one-sora/-2pn-2wc-69-3m-tai-tp-thu-duc-chi-tu-3-2-ty-o-chuan-nhat-c-thue-de-dang-pr43295288,"Căn hộ 2PN 2WC, 69.3m² tại TP. Thủ Đức Chỉ từ 3,2 tỷ. Ở chuẩn Nhật, cho thuê dễ dàng!","Happy One Sora, Số 9, Linh Xuân, Thủ Đức, Hồ Chí Minh",Căn hộ,"3,2 tỷ","~46,18 triệu/m²",2 phòng,Thủ Đức,"69,3 m²",,,Tây - Nam,Đông - Bắc,,,,10.887117478216013,106.77032360473314,Thành phố Hồ Chí Minh
https://batdongsan.com.vn/ban-can-ho-chung-cu-duong-mai-chi-tho-phuong-an-phu-prj-eaton-park/chu-nha-ban-goc-2pn-gia-tot-nh-at-quan-2-1pn-view-dep-tang-trung-cao-pr42084024,"EM NHẬN MUA BÁN, CHUYỂN NHƯỢNG GIÁ TỐT - CĂN HỘ CAO CẤP 1PN, 2PN - EATON PARK - GAMUDA LAND, QUẬN 2","Dự án Eaton Park, Đường Mai Chí Thọ, Phường An Phú, Quận 2, Hồ Chí Minh",Căn hộ,"6,9 tỷ","~135,29 triệu/m²",2 phòng,Quận 2,51 m²,,,,Đông - Nam,,,Sổ đỏ/ Sổ hồng,10.7944806392773,106.753992835894,Thành phố Hồ Chí Minh
https://batdongsan.com.vn/ban-can-ho-chung-cu-duong-lo-lu-phuong-truong-thanh-prj-chung-cu-elysian/nhan-booking-gio-hang-cdt-co-hoan-lai-du-an-gia-chi-2-5-ty-toan-125-trieu-ki-hdmb-pr43294321,Nhận Booking giỏ hàng CĐT có hoàn lại Dự án Elysian. Giá chỉ 2.5 tỷ thanh toán 125 triệu kí HĐMB,"Dự án Elysian, Đường Lò Lu, Phường Trường Thạnh, Quận 9, Hồ Chí Minh",Căn hộ chung cư,"2,5 tỷ","~62,66 triệu/m²",1 phòng,Quận 9,"39,9 m²",,,,,,,Hợp đồng mua bán,10.826460256707966,106.81868193150973,Thành phố Hồ Chí Minh
https://batdongsan.com.vn/ban-can-ho-chung-cu-duong-huynh-ba-chanh-xa-tan-kien-prj-conic-boulevard/-da-an-thien-85-98m2-2pn-gia-chi-dung-28-5-trieu-m2-ngan-hang-c-vay-85-pr43294018,"Căn hộ Conic Boulevard đã hoàn thiện 85,98m2/2pn giá chỉ đúng 28,5 triệu/m2, ngân hàng cho vay 85%","Dự án Conic Boulevard, Đường Huỳnh Bá Chánh, Xã Tân Kiên, Bình Chánh, Hồ Chí Minh",Căn hộ,"28,5 triệu/m²","~2,45 tỷ",2 phòng,,"85,98 m²",,,Đông - Bắc,Đông - Nam,,,Đang chờ sổ,10.707016728805728,106.60005021584772,Thành phố Hồ Chí Minh
https://batdongsan.com.vn/ban-can-ho-chung-cu-duong-dien-bien-phu-phuong-22-prj-vinhomes-central-park/nam-100-gio-hang-gia-tot-nhat-1pn-5ty-2pn-7-2ty-3pn-11-ty-4pn-17-ty-pr43257714,"Nắm 100% giỏ hàng Vinhomes Central Park giá tốt nhất 1PN=5tỷ, 2PN=7.2tỷ, 3PN=11 tỷ, 4PN=17 tỷ","Dự án Vinhomes Central Park, Đường Điện Biên Phủ, Phường 22, Bình Thạnh, Hồ Chí Minh",Căn hộ chung cư,11 tỷ,"~101,85 triệu/m²",3 phòng,Bình Thạnh,108 m²,,,Tây - Nam,Đông - Bắc,,,Sổ đỏ/ Sổ hồng,10.794453210366985,106.72099862264332,Thành phố Hồ Chí Minh
https://batdongsan.com.vn/ban-dat-duong-long-phuoc-phuong-long-phuoc-2/ban-1000m2-vuon-biet-thu-nhua-6m-thu-duc-gia-chi-18-ty-pr43060717,"Bán 1000m2 đất vườn biệt thự, đường nhựa 6m, Long Phước, Thủ Đức giá chỉ 18 tỷ","Đường Long Phước, Phường Long Phước, Quận 9, Hồ Chí Minh",Biệt thự,18 tỷ,~18 triệu/m²,,Quận 9,1.000 m²,17 m,6 m,Đông - Nam,,,,Sổ đỏ/ Sổ hồng,10.8073073426314,106.859070744971,Thành phố Hồ Chí Minh
https://batdongsan.com.vn/ban-dat-duong-linh-dong-phuong-linh-dong/ban-nha-mat-tien-kinh-doanh-dang-cho-thue-40-trieu-thang-chieu-ngang-10m-pr42852506,"Bán đất mặt tiền kinh doanh, đường Linh Đông, đang cho thuê 40 triệu/tháng. Chiều ngang 10m","Đường Linh Đông, Phường Linh Đông, Thủ Đức, Hồ Chí Minh",Đất,39 tỷ,"~108,33 triệu/m²",2 phòng,Thủ Đức,360 m²,10 m,15 m,Đông,Đông,1 tầng,,Sổ đỏ/ Sổ hồng.,10.8492306060369,106.746941515842,Thành phố Hồ Chí Minh
https://batdongsan.com.vn/ban-nha-mat-pho-duong-so-2-phuong-truong-tho-2/ban-tien-kinh-doanh-2-thon-thu-duc-20m-gia-chi-7-5-ty-pr43016678,"Bán nhà mặt tiền kinh doanh đường số 2, Trường Thọ, Thủ Đức, đường 20m, giá chỉ 7,5 tỷ","Đường Số 2, Phường Trường Thọ, Thủ Đức, Hồ Chí Minh",Nhà mặt phố,"7,5 tỷ",~150 triệu/m²,2 phòng,Thủ Đức,50 m²,"4,4 m",20 m,Đông - Bắc,Đông - Bắc,3 tầng,,Sổ đỏ/ Sổ hồng.,10.8351197098053,106.753793046826,Thành phố Hồ Chí Minh
https://batdongsan.com.vn/ban-dat-duong-so-27-phuong-hiep-binh-chanh/ban-biet-thu-200m2-khu-ben-song-thu-duc-gia-re-pr43021501,"Bán đất biệt thự 200m2, khu bên sông, Hiệp Bình Chánh, Thủ Đức giá rẻ","Đường Số 27, Phường Hiệp Bình Chánh, Thủ Đức, Hồ Chí Minh",Biệt thự,"16,5 tỷ","~82,5 triệu/m²",,Thủ Đức,200 m²,"9,5 m",15 m,Tây - Nam,,,,Sổ đỏ/ Sổ hồng.,10.8325805093905,106.732289416061,Thành phố Hồ Chí Minh
https://batdongsan.com.vn/ban-can-ho-chung-cu-duong-nguyen-van-linh-phuong-tan-thuan-tay-1-prj-eco-green-sai-gon/ban-nhanh-goc-2pn2wc-64m2-ban-cong-view-quan-1-tai-gia-chi-4-905-ty-pr43104311,"Bán nhanh căn góc 2PN 2WC 64m2 ban công view Quận 1 tại Eco Green Sài Gòn, giá chỉ 4,905 tỷ","Eco Green Sài Gòn, Nguyễn Văn Linh, Tân Thuận Tây, Quận 7, Hồ Chí Minh",Căn hộ chung cư,"4,91 tỷ","~76,28 triệu/m²",2 phòng,Quận 7,"64,3 m²",,,Nam,Bắc,,,HĐMB,10.7507795103531,106.723630502028,Thành phố Hồ Chí Minh
https://batdongsan.com.vn/ban-can-ho-chung-cu-duong-dao-tri-phuong-phu-thuan-3-prj-q7-saigon-riverside/ban-1pn-2pn-3pn-sai-gon-riverside-pr33886563,"Q7 Riverside mới lắm 2PN 3.05 tỷ giá có thuế phí, nhà rất mới căn này rất mát LH: 0902 651 ***","Dự án Q7 Saigon Riverside, Đường Đào Trí, Phường Phú Thuận, Quận 7, Hồ Chí Minh",Căn hộ chung cư,"3,05 tỷ","~45,76 triệu/m²",2 phòng,Quận 7,"66,66 m²",,,,,,,HĐMB,10.7180337905884,106.742393493652,Thành phố Hồ Chí Minh
https://batdongsan.com.vn/ban-nha-biet-thu-lien-ke-duong-tu-xuong-phuong-vo-thi-sau/-tai-quan-3-ho-chi-minh-gia-cuc-chat-92-ty-125-m2-pr43219813,"Nhà riêng tại đường Tú Xương, Quận 3, Hồ Chí Minh, 7mx20m giá cực chất 92 tỷ, 119,3m2","Đường Tú Xương, Phường Võ Thị Sáu, Quận 3, Hồ Chí Minh",Nhà riêng,92 tỷ,"~771,16 triệu/m²",8 phòng,Quận 3,"119,3 m²",,20 m,,,4 tầng,,Sổ đỏ/ Sổ hồng.,10.7804649221356,106.686257124105,Thành phố Hồ Chí Minh
https://batdongsan.com.vn/ban-nha-biet-thu-lien-ke-duong-vo-chi-cong-phuong-phu-huu-2-prj-mega-village/chinh-chu-ban-can-tho-5x15m-gia-tot-t-trong-khu-goi-ngay-o982667473-pr33906590,Chính chủ bán nhà phố Mega Village 5x15m. Không đối nhà. Sổ hồng riêng. Gọi 0982 667 *** Mr Phan Điền,"Dự án Mega Village, Đường Võ Chí Công, Phường Phú Hữu, Quận 9, Hồ Chí Minh",Biệt thự/Liền kề,8 tỷ,"~106,67 triệu/m²",3 phòng,Quận 9,75 m²,5 m,20 m,Tây - Bắc,Tây - Bắc,3 tầng,,Sổ đỏ/ Sổ hồng,10.7847099304199,106.79044342041,Thành phố Hồ Chí Minh
https://batdongsan.com.vn/ban-nha-rieng-duong-160-phuong-tang-nhon-phu-a/bn-gp-3-dep-lung-linh-ngy-trung-tm-80m2-gi-7-ty-pr43179344,"Bán gấp nhà 3 tầng đẹp lung linh ngay trung tâm Tăng Nhơn Phú A, 72.1m2 giá 7 tỷ","Đường 160, Phường Tăng Nhơn Phú A, Quận 9, Hồ Chí Minh",Nhà riêng,7 tỷ,"~97,09 triệu/m²",4 phòng,Quận 9,"72,1 m²",,,,,3 tầng,,Sổ đỏ/ Sổ hồng,10.8376424483315,106.790499122963,Thành phố Hồ Chí Minh
https://batdongsan.com.vn/ban-can-ho-chung-cu-duong-dien-bien-phu-phuong-22-prj-vinhomes-central-park/chuyen-98-gio-hang-ban-va-l81-tu-1-2-3-4pn-penthouse-gia-tot-nhat-pr43257664,Chuyên 98% giỏ hàng bán Vinhomes Central Park và L81 từ 1-2-3-4PN Penthouse giá tốt nhất 0936 021 ***,"Dự án Vinhomes Central Park, Đường Điện Biên Phủ, Phường 22, Bình Thạnh, Hồ Chí Minh",Căn hộ chung cư,"7,2 tỷ","~87,8 triệu/m²",2 phòng,Bình Thạnh,82 m²,,,,Đông - Bắc,,,,10.7947479495787,106.720803028324,Thành phố Hồ Chí Minh
https://batdongsan.com.vn/ban-shophouse-nha-pho-thuong-mai-duong-le-tan-be-phuong-an-lac-6/ra-mat-khu-sei-harmony-6-8-ty-4-tang-tt-gian-18-thang-co-ngan-hang-ho-tro-chiet-khau-3-pr43293943,"Ra mắt khu nhà phố Sei Harmony-6,8 tỷ-4 tầng TT giãn 18 tháng, có ngân hàng hỗ trợ. Chiết khấu 3%","Đường Lê Tấn Bê, Phường An Lạc, Bình Tân, Hồ Chí Minh",Shophouse,"6,8 tỷ","~97,14 triệu/m²",4 phòng,,70 m²,5 m,8 m,Đông - Nam,Đông - Nam,4 tầng,,Sổ đỏ/ Sổ hồng,10.7191315475983,106.605149164343,Thành phố Hồ Chí Minh
https://batdongsan.com.vn/ban-can-ho-chung-cu-phuong-long-binh-3-prj-masteri-centre-point/quy-99-doc-quyen-4-8-ty-75m2-vi-tri-dep-sinh-loi-cao-lh-pr43293539,"Quỹ 99 căn hộ độc quyền Masteri Centre Point 4,8 tỷ, 75m2 vị trí đẹp, sinh lời cao LH 0901 002 ***","Dự án Masteri Centre Point, Phường Long Bình, Quận 9, Hồ Chí Minh",Căn hộ,"4,8 tỷ",~64 triệu/m²,2 phòng,Quận 9,75 m²,,,,,,,Hợp đồng mua bán,10.840488829207665,106.84008025018207,Thành phố Hồ Chí Minh
https://batdongsan.com.vn/ban-can-ho-chung-cu-duong-so-6-phuong-hiep-binh-phuoc-prj-urban-green/-06-2025-mua-truc-tiep-cdt-gia-that-bao-thue-phi-5-ck-cao-nhat-tang-1-nam-pql-pr43200397,Urban Green 06/2025 Mua trực tiếp CĐT. Giá thật! Bao thuế phí + 5% sổ. CK cao nhất. Tặng 1 năm PQL,"Dự án Urban Green, Đường Số 6, Phường Hiệp Bình Phước, Thủ Đức, Hồ Chí Minh",Căn hộ chung cư,"4,49 tỷ","~69,08 triệu/m²",2 phòng,Thủ Đức,65 m²,,,,,,,Đang chờ sổ,10.837576100207556,106.71753608788092,Thành phố Hồ Chí Minh
https://batdongsan.com.vn/ban-can-ho-chung-cu-duong-lo-lu-phuong-truong-thanh-prj-chung-cu-elysian/gio-hang-noi-bo-quy-dep-tu-cdt-ck-10-tang-5-nam-pql-tra-cham-den-nam-2029-pr43271999,Giỏ hàng nội bộ quỹ căn đẹp từ CĐT Elysian CK 10% - tặng 5 năm PQL - trả chậm đến Năm 2029,"Dự án Elysian, Đường Lò Lu, Phường Trường Thạnh, Quận 9, Hồ Chí Minh",Căn hộ chung cư,68 triệu/m²,"~5,44 tỷ",2 phòng,Quận 9,80 m²,,,,,,,,10.827037757408554,106.81845193818533,Thành phố Hồ Chí Minh
https://batdongsan.com.vn/ban-can-ho-chung-cu-duong-so-9-phuong-linh-xuan-prj-happy-one-sora/-3-1-ty-tai-tp-thu-duc-thanh-toan-25-trong-8-thang-phan-con-lai-ngung-den-luc-nhan-nha-pr43292006,"Căn hộ 3,35 tỷ tại TP Thủ Đức, thanh toán 25% trong 8 tháng, phần còn lại ngưng đến lúc nhận nhà","Dự án Happy One Sora, Đường Số 9, Phường Linh Xuân, Thủ Đức, Hồ Chí Minh",Căn hộ,"3,35 tỷ","~48,55 triệu/m²",2 phòng,Thủ Đức,69 m²,,,,,,,Hợp đồng mua bán,10.887594738628172,106.77100997302401,Thành phố Hồ Chí Minh
https://batdongsan.com.vn/ban-can-ho-chung-cu-duong-lo-lu-phuong-truong-thanh-prj-chung-cu-elysian/mo-ban-dot-cuoi-ro-hang-dep-nhat-mien-phi-ql-5-nam-booking-uu-dai-10-con-5-suat-duy-nhat-pr43246992,"Mở bán đợt cuối rổ hàng dự án Elysian 2 Tháp B-D, Miễn Phí QL 5 năm, booking ưu đãi 10% còn 5 suất","Dự án Elysian, Đường Lò Lu, Phường Trường Thạnh, Quận 9, Hồ Chí Minh",Căn hộ chung cư,Thỏa thuận,,3 phòng,Quận 9,116 m²,,,,,,,Sổ đỏ/ Sổ hồng,10.825981380359824,106.81922381847885,Thành phố Hồ Chí Minh
https://batdongsan.com.vn/ban-can-ho-chung-cu-duong-phuoc-thien-phuong-long-binh-3-prj-the-origami-vinhomes-grand-park/duy-nhat-1pn-1-2-35-ty-47m2-view-vuon-nhat-full-noi-that-bao-het-huong-dong-nam-pr42603817,Duy nhất căn 3PN full nội thất 3.5 tỷ /81m2 - Giỏ hàng Tháng 6 - CK 28% - TT giãn ký CĐT,"Dự án The Origami, Đường Phước Thiện, Phường Long Bình, Quận 9, Hồ Chí Minh",Căn hộ chung cư,"3,5 tỷ","~43,21 triệu/m²",3 phòng,Quận 9,81 m²,,,Đông - Nam,,,,Hợp đồng mua bán,10.8425366220564,106.842955184627,Thành phố Hồ Chí Minh
https://batdongsan.com.vn/ban-can-ho-chung-cu-duong-lien-phuong-phuong-an-phu-prj-lumiere-midtown/10-suat-ngoai-giao-the-global-city-chiet-khau-18-he-truc-tiep-cdt-pr43072287,"Suất ngoại giao căn hộ Lumiere Midtown - The Global City, chiết khấu 20%. Liên hệ trực tiếp CĐT","Dự án Lumière Midtown, Đường Liên Phường, Phường An Phú, Quận 2, Hồ Chí Minh",Căn hộ,"8,3 tỷ","~115,28 triệu/m²",2 phòng,Quận 2,72 m²,,,,,,,,10.8038446844533,106.776898224923,Thành phố Hồ Chí Minh
https://batdongsan.com.vn/ban-can-ho-chung-cu-phuong-long-thanh-my-prj-the-beverly-solari-vinhomes-grand-park/doc-quyen-gh-tot-nhat-dong-20-t9-nhan-nha-mien-lai-2-nam-mien-goc-4-nam-pr39943974,Không đăng ảo - cam kết đây là 2PN & 3PN giá tốt nhất thị trường - CK lên đến 25% - được TT nhàn hạ,"Dự án The Beverly Solari - Vinhomes Grand Park, Phường Long Thạnh Mỹ, Quận 9, Hồ Chí Minh",Căn hộ chung cư,"3,6 tỷ","~51,43 triệu/m²",2 phòng,Quận 9,70 m²,,,Đông - Nam,Tây - Bắc,,,Hợp đồng mua bán,10.8396596908569,106.851036071777,Thành phố Hồ Chí Minh
https://batdongsan.com.vn/ban-can-ho-chung-cu-pho-ton-duc-thang-phuong-ben-nghe-prj-grand-marina-saigon/-em-chuyen-san-nhung-ban-cat-lo-56m2-20ty-87m2-30ty-150m2-65ty-pr43258805,Grand Marina Saigon - Em chuyên săn những căn bán cắt lỗ (56m2-20tỷ) (87m2-30tỷ) (150m2-65tỷ),"Dự án Grand Marina Saigon, Phố Tôn Đức Thắng, Phường Bến Nghé, Quận 1, Hồ Chí Minh",Căn hộ chung cư,20 tỷ,"~357,14 triệu/m²",1 phòng,Quận 1,56 m²,,,Tây - Bắc,Đông - Nam,,,Sổ đỏ/ Sổ hồng,10.7779084476662,106.707109036574,Thành phố Hồ Chí Minh
https://batdongsan.com.vn/ban-can-ho-chung-cu-duong-xa-lo-ha-noi-phuong-an-phu-prj-lumiere-riverside/-em-chuyen-san-nhung-gia-goc-cat-52m2-6-5ty-77m2-9ty-101m2-12ty-pr42620616,"Lumiere Riverside em chuyên săn những căn giá gốc cắt lỗ (52m2-6,5tỷ) (77m2-9tỷ) (101m2-12tỷ)","Dự án Lumiere Riverside, Đường Xa Lộ Hà Nội, Phường An Phú, Quận 2, Hồ Chí Minh",Căn hộ chung cư,"6,5 tỷ",~125 triệu/m²,1 phòng,Quận 2,52 m²,,,Tây - Bắc,Đông - Nam,,,Sổ đỏ/ Sổ hồng,10.8042211368815,106.748655117215,Thành phố Hồ Chí Minh
https://batdongsan.com.vn/ban-can-ho-chung-cu-duong-dien-bien-phu-phuong-22-prj-vinhomes-central-park/-ban-gap-nhieu-1pn-2pn-3pn-4pn-shophouse-da-co-so-hong-tai-0901511155-pr36227388,Cần bán gấp nhiều căn 1PN 2PN 3PN 4PN giá tốt đầu tư tại Vinhomes Central Park 0901 511 ***,"Dự án Vinhomes Central Park, Đường Điện Biên Phủ, Phường 22, Bình Thạnh, Hồ Chí Minh",Căn hộ chung cư,"7,3 tỷ","~91,25 triệu/m²",2 phòng,Bình Thạnh,80 m²,,,,,,,,10.7949285507202,106.720741271973,Thành phố Hồ Chí Minh
https://batdongsan.com.vn/ban-can-ho-chung-cu-duong-so-6-phuong-hiep-binh-phuoc-prj-urban-green/bang-hang-gia-tot-nhat-thi-truong-ng-view-dep-o-ngay-ac-dau-tu-pr43015510,Bảng hàng căn hộ Urban Green giá tốt nhất thị trường view đẹp ở ngay hoặc đầu tư! Từ 3.7 tỷ,"Dự án Urban Green, Đường Số 6, Phường Hiệp Bình Phước, Thủ Đức, Hồ Chí Minh",Căn hộ,"3,7 tỷ","~56,92 triệu/m²",2 phòng,Thủ Đức,65 m²,,,,,,,Sổ hồng,10.8374966662733,106.717120684462,Thành phố Hồ Chí Minh
https://batdongsan.com.vn/ban-can-ho-chung-cu-duong-lo-lu-phuong-truong-thanh-prj-chung-cu-elysian/mo-ban-gio-hang-noi-bo-cdt-khd-5-ck-10-mie-pql-5-nam-tra-cham-cdt-den-nam-2029-pr43219815,Mở bán giỏ hàng nội bộ CĐT Elysian - KHĐ 5% - CK 10% - miễn PQL 5 năm - trả chậm cđt đến năm 2029,"Dự án Elysian, Đường Lò Lu, Phường Trường Thạnh, Quận 9, Hồ Chí Minh",Căn hộ chung cư,"2,4 tỷ","~70,59 triệu/m²",2 phòng,Quận 9,34 m²,,,Nam,Bắc,,,Hợp đồng mua bán,10.826339454779644,106.81900781427828,Thành phố Hồ Chí Minh
https://batdongsan.com.vn/ban-can-ho-chung-cu-duong-dien-bien-phu-phuong-22-prj-vinhomes-central-park/ban-vinmes-landmark-81-gia-tot-nhat-1-2-3-4-pn-penuse-lh-pr38753950,Bán căn hộ Vinhomes Central Park giá tốt nhất (1-2-3-4 PN đầy đủ các loại diện tích). LH 0901 692 ***,"Dự án Vinhomes Central Park, Đường Điện Biên Phủ, Phường 22, Bình Thạnh, Hồ Chí Minh",Căn hộ,"11,5 tỷ","~95,83 triệu/m²",3 phòng,Bình Thạnh,120 m²,,,,,,,Sổ đỏ/ Sổ hồng,10.794760968167,106.720904429788,Thành phố Hồ Chí Minh
https://batdongsan.com.vn/ban-can-ho-chung-cu-duong-lien-phuong-phuong-an-phu-prj-lumiere-midtown/quy-4pn-va-1pn-hot-doc-quyen-danh-cho-khach-vip-uu-dai-len-den-20-tai-midtown-pr43249525,Quỹ căn 4PN và 1PN hot độc quyền dành cho khách VIP - ưu đãi lên đến 20% tại Lumiere Midtown,"Lumière Midtown, Đường Liên Phường, Phường An Phú, Quận 2, Hồ Chí Minh",Căn hộ chung cư,"7,5 tỷ","~155,6 triệu/m²",1 phòng,Quận 2,"48,2 m²",,,Tây - Bắc,Đông - Nam,,,,10.8042825372276,106.776205347286,Thành phố Hồ Chí Minh
https://batdongsan.com.vn/ban-can-ho-chung-cu-phuong-long-binh-3-prj-the-beverly-solari-vinhomes-grand-park/-2pn-2wc-gio-hang-cdt-gia-re-nhat-12-2024-chiet-khau-17-3-va-voucher-vinwonders-100-trieu-pr41859808,"Căn hộ 3PN Beverly Solari - Vinhomes Grand Park giá từ 4.3 tỷ, vay tối đa 70% HTLS 0% đến 15 tháng","Dự án The Beverly Solari - Vinhomes Grand Park, Phường Long Bình, Quận 9, Hồ Chí Minh",Căn hộ,"4,37 tỷ","~53,13 triệu/m²",3 phòng,Quận 9,"82,2 m²",,,,,,,Hợp đồng mua bán,10.8443023091823,106.845512293738,Thành phố Hồ Chí Minh
https://batdongsan.com.vn/ban-can-ho-chung-cu-duong-lien-phuong-phuong-an-phu-prj-lumiere-midtown/full-gh-gia-tot-1pn-6-4-ty-2pn-7-9-ty-3pn-10-8-ty-4pn-17-4-ty-lh-pr43264510,Full GH Lumiere Midtown giá tốt: 1PN 6.4 Tỷ | 2PN 7.9 tỷ | 3PN 10.8 tỷ | 4PN 17.4 tỷ LH 0903 953 ***,"Lumière Midtown, Liên Phường, An Phú, Quận 2, Hồ Chí Minh",Căn hộ chung cư,"10,89 tỷ","~113,42 triệu/m²",3 phòng,Quận 2,96 m²,,,,Đông - Nam,,,Hợp đồng mua bán,10.8038657766165,106.775422972815,Thành phố Hồ Chí Minh
https://batdongsan.com.vn/ban-can-ho-chung-cu-duong-so-6-phuong-hiep-binh-phuoc-prj-urban-green/-chinh-chu-ban-3-phong-ngu-co-ban-cong-trong-cay-tung-phong-thoang-dang-tien-ich-pr43196462,"Urban Green, chính chủ bán căn 3 phòng ngủ, có ban công trồng cây từng phòng. Thoáng đãng, tiện ích","Dự án Urban Green, Đường Số 6, Phường Hiệp Bình Phước, Thủ Đức, Hồ Chí Minh",Căn hộ chung cư,"8,5 tỷ","~75,85 triệu/m²",3 phòng,Thủ Đức,112 m²,,,,,,,Hợp đồng mua bán,10.8371080691431,106.718349494923,Thành phố Hồ Chí Minh
https://batdongsan.com.vn/ban-dat-duong-long-phuoc-phuong-long-phuoc-2/ban-1000m2-vuon-biet-thu-nhua-6m-thu-duc-gia-chi-18-ty-pr43060717,"Bán 1000m2 đất vườn biệt thự, đường nhựa 6m, Long Phước, Thủ Đức giá chỉ 18 tỷ","Đường Long Phước, Phường Long Phước, Quận 9, Hồ Chí Minh",Biệt thự,18 tỷ,~18 triệu/m²,,Quận 9,1.000 m²,17 m,6 m,Đông - Nam,,,,Sổ đỏ/ Sổ hồng,10.8073073426314,106.859070744971,Thành phố Hồ Chí Minh
https://batdongsan.com.vn/ban-dat-duong-linh-dong-phuong-linh-dong/ban-nha-mat-tien-kinh-doanh-dang-cho-thue-40-trieu-thang-chieu-ngang-10m-pr42852506,"Bán đất mặt tiền kinh doanh, đường Linh Đông, đang cho thuê 40 triệu/tháng. Chiều ngang 10m","Đường Linh Đông, Phường Linh Đông, Thủ Đức, Hồ Chí Minh",Đất,39 tỷ,"~108,33 triệu/m²",2 phòng,Thủ Đức,360 m²,10 m,15 m,Đông,Đông,1 tầng,,Sổ đỏ/ Sổ hồng.,10.8492306060369,106.746941515842,Thành phố Hồ Chí Minh
https://batdongsan.com.vn/ban-nha-mat-pho-duong-so-2-phuong-truong-tho-2/ban-tien-kinh-doanh-2-thon-thu-duc-20m-gia-chi-7-5-ty-pr43016678,"Bán nhà mặt tiền kinh doanh đường số 2, Trường Thọ, Thủ Đức, đường 20m, giá chỉ 7,5 tỷ","Đường Số 2, Phường Trường Thọ, Thủ Đức, Hồ Chí Minh",Nhà mặt phố,"7,5 tỷ",~150 triệu/m²,2 phòng,Thủ Đức,50 m²,"4,4 m",20 m,Đông - Bắc,Đông - Bắc,3 tầng,,Sổ đỏ/ Sổ hồng.,10.8351197098053,106.753793046826,Thành phố Hồ Chí Minh
https://batdongsan.com.vn/ban-dat-duong-so-27-phuong-hiep-binh-chanh/ban-biet-thu-200m2-khu-ben-song-thu-duc-gia-re-pr43021501,"Bán đất biệt thự 200m2, khu bên sông, Hiệp Bình Chánh, Thủ Đức giá rẻ","Đường Số 27, Phường Hiệp Bình Chánh, Thủ Đức, Hồ Chí Minh",Biệt thự,"16,5 tỷ","~82,5 triệu/m²",,Thủ Đức,200 m²,"9,5 m",15 m,Tây - Nam,,,,Sổ đỏ/ Sổ hồng.,10.8325805093905,106.732289416061,Thành phố Hồ Chí Minh
https://batdongsan.com.vn/ban-can-ho-chung-cu-duong-nguyen-van-linh-phuong-tan-thuan-tay-1-prj-eco-green-sai-gon/ban-nhanh-goc-2pn2wc-64m2-ban-cong-view-quan-1-tai-gia-chi-4-905-ty-pr43104311,"Bán nhanh căn góc 2PN 2WC 64m2 ban công view Quận 1 tại Eco Green Sài Gòn, giá chỉ 4,905 tỷ","Eco Green Sài Gòn, Nguyễn Văn Linh, Tân Thuận Tây, Quận 7, Hồ Chí Minh",Căn hộ chung cư,"4,91 tỷ","~76,28 triệu/m²",2 phòng,Quận 7,"64,3 m²",,,Nam,Bắc,,,HĐMB,10.7507795103531,106.723630502028,Thành phố Hồ Chí Minh
https://batdongsan.com.vn/ban-can-ho-chung-cu-duong-dao-tri-phuong-phu-thuan-3-prj-q7-saigon-riverside/ban-1pn-2pn-3pn-sai-gon-riverside-pr33886563,"Q7 Riverside mới lắm 2PN 3.05 tỷ giá có thuế phí, nhà rất mới căn này rất mát LH: 0902 651 ***","Dự án Q7 Saigon Riverside, Đường Đào Trí, Phường Phú Thuận, Quận 7, Hồ Chí Minh",Căn hộ chung cư,"3,05 tỷ","~45,76 triệu/m²",2 phòng,Quận 7,"66,66 m²",,,,,,,HĐMB,10.7180337905884,106.742393493652,Thành phố Hồ Chí Minh
https://batdongsan.com.vn/ban-nha-biet-thu-lien-ke-duong-tu-xuong-phuong-vo-thi-sau/-tai-quan-3-ho-chi-minh-gia-cuc-chat-92-ty-125-m2-pr43219813,"Nhà riêng tại đường Tú Xương, Quận 3, Hồ Chí Minh, 7mx20m giá cực chất 92 tỷ, 119,3m2","Đường Tú Xương, Phường Võ Thị Sáu, Quận 3, Hồ Chí Minh",Nhà riêng,92 tỷ,"~771,16 triệu/m²",8 phòng,Quận 3,"119,3 m²",,20 m,,,4 tầng,,Sổ đỏ/ Sổ hồng.,10.7804649221356,106.686257124105,Thành phố Hồ Chí Minh
https://batdongsan.com.vn/ban-nha-biet-thu-lien-ke-duong-vo-chi-cong-phuong-phu-huu-2-prj-mega-village/chinh-chu-ban-can-tho-5x15m-gia-tot-t-trong-khu-goi-ngay-o982667473-pr33906590,Chính chủ bán nhà phố Mega Village 5x15m. Không đối nhà. Sổ hồng riêng. Gọi 0982 667 *** Mr Phan Điền,"Dự án Mega Village, Đường Võ Chí Công, Phường Phú Hữu, Quận 9, Hồ Chí Minh",Biệt thự/Liền kề,8 tỷ,"~106,67 triệu/m²",3 phòng,Quận 9,75 m²,5 m,20 m,Tây - Bắc,Tây - Bắc,3 tầng,,Sổ đỏ/ Sổ hồng,10.7847099304199,106.79044342041,Thành phố Hồ Chí Minh
https://batdongsan.com.vn/ban-nha-rieng-duong-160-phuong-tang-nhon-phu-a/bn-gp-3-dep-lung-linh-ngy-trung-tm-80m2-gi-7-ty-pr43179344,"Bán gấp nhà 3 tầng đẹp lung linh ngay trung tâm Tăng Nhơn Phú A, 72.1m2 giá 7 tỷ","Đường 160, Phường Tăng Nhơn Phú A, Quận 9, Hồ Chí Minh",Nhà riêng,7 tỷ,"~97,09 triệu/m²",4 phòng,Quận 9,"72,1 m²",,,,,3 tầng,,Sổ đỏ/ Sổ hồng,10.8376424483315,106.790499122963,Thành phố Hồ Chí Minh
https://batdongsan.com.vn/ban-can-ho-chung-cu-mini-xa-tan-kien/chinh-chu-ban-gap-2pn-2wc-tai-binh-chanh-pr43285584,Chính chủ cần bán gấp căn hộ 2pn 2wc tại Bình Chánh,"Xã Tân Kiên, Bình Chánh, Hồ Chí Minh",Căn hộ,"2,4 tỷ","~28,24 triệu/m²",2 phòng,,85 m²,,,Tây,Đông - Bắc,,,Sổ đỏ/ Sổ hồng,10.7179901778173,106.581346990851,Thành phố Hồ Chí Minh
https://batdongsan.com.vn/ban-can-ho-chung-cu-duong-le-van-luong-xa-nhon-duc-prj-khai-hoan-prime/-lien-ke-phu-my-hung-canh-khu-dan-zeitgeist-city-ven-song-long-kieng-pr43237082,Căn hộ liền kề Phú Mỹ Hưng - Cạnh khu dân cư Zeitgeist City - Ven Sông Duy Nhất,"Dự án Khải Hoàn Prime, Đường Lê Văn Lương, Xã Nhơn Đức, Nhà Bè, Hồ Chí Minh",Nhà liền kề,63 triệu/m²,"~3,97 tỷ",2 phòng,,63 m²,,,Đông - Bắc,,,,Hợp đồng mua bán,10.7049428613424,106.703137573674,Thành phố Hồ Chí Minh
https://batdongsan.com.vn/ban-can-ho-chung-cu-duong-mai-chi-tho-phuong-an-phu-prj-the-sun-avenue/ban-gap-2pn2wc-view-song-thoang-mat-5-489ty-ro-hang-hon-200-ban-update-lien-tuc-pr42383226,Full rổ hàng OT - 1PN - 2PN - 3PN giá tốt nhất thị trường - ngân hàng hỗ trợ đến 70%,"The Sun Avenue, 28, Đường Mai Chí Thọ, Phường An Phú, Quận 2, Hồ Chí Minh",Căn hộ chung cư,"6,9 tỷ","~79,31 triệu/m²",3 phòng,Quận 2,87 m²,,,,,,,,10.7889063646618,106.751913550742,Thành phố Hồ Chí Minh
https://batdongsan.com.vn/ban-can-ho-chung-cu-duong-xa-lo-ha-noi-phuong-thao-dien-prj-masteri-thao-dien/chuyen-chuyen-nhuong-ht-vay-bank-80-bao-gia-thap-nhat-thi-truong-pr38623445,Chuyên CH Masteri Thảo Điền - cam kết báo giá thật - bao giá thấp nhất thị trường - hỗ trợ vay 80%,"Dự án Masteri Thảo Điền, Đường Xa Lộ Hà Nội, Phường Thảo Điền, Quận 2, Hồ Chí Minh",Căn hộ chung cư,Thỏa thuận,,2 phòng,Quận 2,74 m²,,,Đông - Nam,Tây - Bắc,,,Sổ đỏ/ Sổ hồng,10.8026895523071,106.741813659668,Thành phố Hồ Chí Minh
https://batdongsan.com.vn/ban-can-ho-chung-cu-duong-104-phuong-binh-trung-tay-prj-diamond-island/gia-re-nhat-ssqc-cap-nhat-list-cuc-dep-view-song-full-loai-hinh-png-ngu-pr42157216,"Tin thật 100% - SSQC cập nhật list căn hộ Diamond Island siêu đẹp, tầng cao, đủ loại hình phòng ngủ","Diamond Island, 104, Bình Trưng Tây, Quận 2, Hồ Chí Minh",Căn hộ,"8,6 tỷ","~97,73 triệu/m²",2 phòng,Quận 2,88 m²,,,,,,,Sổ đỏ/ Sổ hồng,10.778919334231,106.748067579838,Thành phố Hồ Chí Minh
https://batdongsan.com.vn/ban-can-ho-chung-cu-phuong-long-thanh-my-prj-vinhomes-grand-park/gio-hang-cat-lo-hon-2000-chot-loi-som-sinh-loi-cao-uu-dai-khung-den-25-pr43269418,"Giỏ hàng căn hộ Vinhomes Grand Park T6 Studio/1.28 tỷ, 1PN+ 1,8 tỷ, 2PN/2.2T 2PN+ /2.6T, 3PN/2.8 tỷ","Dự án Vinhomes Grand Park, Phường Long Thạnh Mỹ, Quận 9, Hồ Chí Minh",Căn hộ,"2,2 tỷ","~37,29 triệu/m²",2 phòng,Quận 9,59 m²,,,,,,,Sổ đỏ/ Sổ hồng,10.841243880685179,106.84051066836274,Thành phố Hồ Chí Minh
https://batdongsan.com.vn/ban-can-ho-chung-cu-duong-huynh-ba-chanh-xa-tan-kien-prj-conic-boulevard/-85-98-m2-view-song-cong-vien-17-000m2-thanh-toan-367-trieu-nhan-nha-o-ngay-pr43247382,"Căn hộ Conic Boulevard 85,98 m2 view sông & công viên 17.000m2 thanh toán 367 triệu nhận nhà ở ngay","Conic Boulevard, 584, Đường Huỳnh Bá Chánh, Xã Tân Kiên, Bình Chánh, Hồ Chí Minh",Căn hộ,"2,45 tỷ","~28,52 triệu/m²",2 phòng,,"85,98 m²",,,Nam,Bắc,,,Sổ đỏ/ Sổ hồng,10.7065748235207,106.600118878367,Thành phố Hồ Chí Minh
https://batdongsan.com.vn/ban-nha-biet-thu-lien-ke-phuong-long-thanh-my-prj-vinhomes-grand-park/tong-hop-99-can-tot-gio-hang-chuyen-nhuong-thang-5-2025-pr42984546,Tổng hợp 99% căn tốt nhất chuyển nhượng nhà phố - biệt thự Vinhomes Grand Park tháng 6/2025,"Dự án Vinhomes Grand Park, Phường Long Thạnh Mỹ, Quận 9, Hồ Chí Minh",Biệt thự,"14,3 tỷ","~170,24 triệu/m²",,Quận 9,84 m²,7 m,13 m,,,5 tầng,,Sổ đỏ/ Sổ hồng,10.8416487842844,106.840345729399,Thành phố Hồ Chí Minh
https://batdongsan.com.vn/ban-dat-duong-binh-chieu-phuong-binh-chieu/chinh-chu-ket-tien-can-ban-gap-gia-re-11-5-ty-191m2-p-tp-thu-duc-pr43282252,"Chính chủ bán lô đất đẹp 191m2 trung tâm P. Bình Chiểu có Vị trí đắc địa, tiềm năng tăng giá cao","Đường Bình Chiểu, Phường Bình Chiểu, Thủ Đức, Hồ Chí Minh",Đất,"11,5 tỷ","~60,21 triệu/m²",,Thủ Đức,191 m²,,8 m,Đông - Bắc,,,,Sổ đỏ/ Sổ hồng,10.8808799270316,106.734435653243,Thành phố Hồ Chí Minh
https://batdongsan.com.vn/ban-can-ho-chung-cu-duong-dien-bien-phu-phuong-22-prj-vinhomes-central-park/ban-ch-du-loai-1-2-3-4-pn-gia-tot-nhat-thi-truong-khanh-huyen-pr41329892,"Bán căn hộ Vinhomes Central Park 1,2,3,4 PN giá tốt nhất thị trường. Khánh Huyền 0901 692 ***","Dự án Vinhomes Central Park, Đường Điện Biên Phủ, Phường 22, Bình Thạnh, Hồ Chí Minh",Căn hộ,"6,5 tỷ","~75,58 triệu/m²",2 phòng,Bình Thạnh,86 m²,,,,,,,Sổ đỏ/ Sổ hồng,10.7949285507202,106.720741271973,Thành phố Hồ Chí Minh
https://batdongsan.com.vn/ban-dat-duong-thanh-loc-19-1-phuong-thanh-loc-3/chinh-chu-ket-tien-can-ban-gap-gia-re-tang-nha-c4-tl19-91m2-4-5-ty-p-quan-12-pr43281480,"Chính chủ kẹt tiền cần bán gấp giá rẻ bán đất tặng nhà C4 đường TL19, P. Thạnh Lộc, Q12 chỉ 4.7 tỷ","Đường Thạnh Lộc 19, Phường Thạnh Lộc, Quận 12, Hồ Chí Minh",Đất,"4,7 tỷ","~51,65 triệu/m²",,Quận 12,91 m²,7 m,,Đông - Nam,,,,Sổ đỏ/ Sổ hồng,10.8706761581452,106.685586497969,Thành phố Hồ Chí Minh
https://batdongsan.com.vn/ban-can-ho-chung-cu-duong-dien-bien-phu-phuong-22-prj-vinhomes-central-park/ban-vinmes-gia-tot-nhat-1-2-3-4-pn-day-du-cac-loai-tich-pr42504996,Bán căn hộ Vinhomes Central Park - giá rẻ nhất thị trường từ 91tr/m2!,"Dự án Vinhomes Central Park, Đường Điện Biên Phủ, Phường 22, Bình Thạnh, Hồ Chí Minh",Căn hộ,"10,5 tỷ","~95,46 triệu/m²",3 phòng,Bình Thạnh,110 m²,,,,Đông - Nam,,,Sổ đỏ/ Sổ hồng,10.7954584766479,106.720409604919,Thành phố Hồ Chí Minh
https://batdongsan.com.vn/ban-can-ho-chung-cu-duong-mai-chi-tho-phuong-an-phu-prj-eaton-park/doc-quyen-ban-ma-goc-a1-14-03-a-hau-trong-cac-2pn-sieu-cao-cap-75-2m2-pr43280511,"Độc quyền,bán mã căn góc A1.14.03 hoa hậu trong các căn 2PN siêu căn hộ cao cấp Eaton Park,75.2m2","Eaton Park, Mai Chí Thọ, An Phú, Quận 2, Hồ Chí Minh",Căn hộ,12 tỷ,"~159,57 triệu/m²",2 phòng,Quận 2,"75,2 m²",,,,,,,Hợp đồng mua bán,10.794766322180594,106.75358367508765,Thành phố Hồ Chí Minh
https://batdongsan.com.vn/ban-can-ho-chung-cu-pho-ton-duc-thang-phuong-ben-nghe-prj-grand-marina-saigon/-tin-gia-that-em-hiep-chuyen-mua-ban-ban-lo-1pn-pr42595344,Em Hiệp chuyên mua bán căn hộ Grand Marina Saigon. Giỏ hàng trực tiếp chủ đầu tư và chuyển nhượng,"Dự án Grand Marina Saigon, Phố Tôn Đức Thắng, Phường Bến Nghé, Quận 1, Hồ Chí Minh",Căn hộ,"23,1 tỷ","~407,55 triệu/m²",1 phòng,Quận 1,"56,68 m²",,,,,,,Hợp đồng mua bán,10.7785498328729,106.707073805288,Thành phố Hồ Chí Minh
https://batdongsan.com.vn/ban-nha-biet-thu-lien-ke-phuong-long-thanh-my-prj-vinhomes-grand-park/quy-can-dep-nhat-gia-tot-nhat-t4-2022-htls-2023-lh-0898800822-pr33142814,Bán nhanh nhà phố biệt thự Vinhomes vị trí đẹp giá tốt nhất T6/2025 LH 0938 703 ***,"Dự án Vinhomes Grand Park, Phường Long Thạnh Mỹ, Quận 9, Hồ Chí Minh",Biệt thự,25 tỷ,~125 triệu/m²,3 phòng,Quận 9,200 m²,8 m,30 m,,,5 tầng,,Hợp đồng mua bán,10.8410335175888,106.839318681361,Thành phố Hồ Chí Minh
https://batdongsan.com.vn/ban-can-ho-chung-cu-duong-n1-phuong-son-ky-prj-celadon-city/gio-hang-centery-f0-cdt-gamuda-uu-dai-tot-nhat-ck-len-den-25-tang-bai-dau-o-to-tt-truoc-30-pr42094290,"TT 20%, trả chậm 3 năm LS 0%. Giá CĐT F0, liên hệ em để có chính sách ưu đãi tốt nhất - 0935 686 ***","Dự án Celadon City, Đường N1, Phường Sơn Kỳ, Tân Phú, Hồ Chí Minh",Căn hộ chung cư,"5,9 tỷ","~61,46 triệu/m²",2 phòng,,96 m²,,,,,,,Hợp đồng mua bán,10.8039250354781,106.61672801537,Thành phố Hồ Chí Minh
https://batdongsan.com.vn/ban-can-ho-chung-cu-duong-n1-phuong-son-ky-prj-diamond-alnata-plus-celadon-city/-xe-i-chay-len-tan-nha-skylikned-gara-oto-rieng-tk-2pn-dt-167-7-m2-mua-tt-cdt-10ty341-pr43279282,"Căn hộ xe hơi chạy lên tận nhà Skylikned - Gara ôtô riêng, TK 2PN, DT 167,7 m2 - Mua TT CĐT 10tỷ341","Dự án Diamond Alnata Plus - Celadon City, Đường N1, Phường Sơn Kỳ, Tân Phú, Hồ Chí Minh",Căn hộ,"10,34 tỷ","~61,66 triệu/m²",2 phòng,,"167,7 m²",,,Bắc,Nam,,,Hợp đồng mua bán,10.80604866263012,106.615699991963,Thành phố Hồ Chí Minh
https://batdongsan.com.vn/ban-can-ho-chung-cu-duong-n1-phuong-son-ky-prj-diamond-centery/chuong-trinh-thanh-toan-dac-biet-chiet-khau-len-den-10-hang-cdt-khu-diamon-celadon-city-pr40078744,HOT: Booking rổ hàng CĐT khu Diamond dự án Celadon City từ 20/3/2025 chỉ thanh toán 20% nhận nhà!,"Dự án Diamond Centery Celadon City, Đường N1, Phường Sơn Kỳ, Tân Phú, Hồ Chí Minh",Căn hộ chung cư,"5,5 tỷ","~64,71 triệu/m²",2 phòng,,85 m²,,,Tây - Nam,Đông - Bắc,,,,10.804392991146464,106.61695014193396,Thành phố Hồ Chí Minh
https://batdongsan.com.vn/ban-can-ho-chung-cu-pho-ton-duc-thang-phuong-ben-nghe-prj-vinhomes-golden-river-ba-son/gio-hang-chuyen-nhuong-vinmes-bason-nhung-gia-tot-5-pr33734356,"Giỏ hàng chuyển nhượng căn hộ Vinhomes Ba Son 1PN, 2PN, 3PN, 4PN những căn giá tốt tháng T05/2025","Dự án Vinhomes Golden River Ba Son, Phố Tôn Đức Thắng, Phường Bến Nghé, Quận 1, Hồ Chí Minh.",Căn hộ,"17,5 tỷ",~175 triệu/m²,3 phòng,Quận 1,100 m²,,,,,,,,10.7841062545776,106.703651428223,Thành phố Hồ Chí Minh
https://batdongsan.com.vn/ban-can-ho-chung-cu-duong-nguyen-xien-phuong-long-thanh-my-prj-the-opus-one-vinhomes-grand-park/gh-thuong-doc-quyen-gia-tot-nhat-tang-200-trieu-ck-10-lh-chon-can-pr41531232,"Không đăng ảo! Chỉ còn 10 suất ""mua nhà tặng xe ô tô"" - Hàng thưởng 10 căn The Opus One giá tốt","Dự án The Opus One - Vinhomes Grand Park, Đường Nguyễn Xiển, Phường Long Thạnh Mỹ, Quận 9, Hồ Chí Minh",Căn hộ chung cư,"4,9 tỷ","~59,76 triệu/m²",2 phòng,Quận 9,82 m²,,,Đông - Nam,Đông - Nam,,,Hợp đồng mua bán,10.8434640956049,106.844600733876,Thành phố Hồ Chí Minh
https://batdongsan.com.vn/ban-dat-duong-long-phuoc-phuong-long-phuoc-2/ban-1000m2-vuon-biet-thu-nhua-6m-thu-duc-gia-chi-18-ty-pr43060717,"Bán 1000m2 đất vườn biệt thự, đường nhựa 6m, Long Phước, Thủ Đức giá chỉ 18 tỷ","Đường Long Phước, Phường Long Phước, Quận 9, Hồ Chí Minh",Biệt thự,18 tỷ,~18 triệu/m²,,Quận 9,1.000 m²,17 m,6 m,Đông - Nam,,,,Sổ đỏ/ Sổ hồng,10.8073073426314,106.859070744971,Thành phố Hồ Chí Minh
https://batdongsan.com.vn/ban-dat-duong-linh-dong-phuong-linh-dong/ban-nha-mat-tien-kinh-doanh-dang-cho-thue-40-trieu-thang-chieu-ngang-10m-pr42852506,"Bán đất mặt tiền kinh doanh, đường Linh Đông, đang cho thuê 40 triệu/tháng. Chiều ngang 10m","Đường Linh Đông, Phường Linh Đông, Thủ Đức, Hồ Chí Minh",Đất,39 tỷ,"~108,33 triệu/m²",2 phòng,Thủ Đức,360 m²,10 m,15 m,Đông,Đông,1 tầng,,Sổ đỏ/ Sổ hồng.,10.8492306060369,106.746941515842,Thành phố Hồ Chí Minh
https://batdongsan.com.vn/ban-nha-mat-pho-duong-so-2-phuong-truong-tho-2/ban-tien-kinh-doanh-2-thon-thu-duc-20m-gia-chi-7-5-ty-pr43016678,"Bán nhà mặt tiền kinh doanh đường số 2, Trường Thọ, Thủ Đức, đường 20m, giá chỉ 7,5 tỷ","Đường Số 2, Phường Trường Thọ, Thủ Đức, Hồ Chí Minh",Nhà mặt phố,"7,5 tỷ",~150 triệu/m²,2 phòng,Thủ Đức,50 m²,"4,4 m",20 m,Đông - Bắc,Đông - Bắc,3 tầng,,Sổ đỏ/ Sổ hồng.,10.8351197098053,106.753793046826,Thành phố Hồ Chí Minh
https://batdongsan.com.vn/ban-dat-duong-so-27-phuong-hiep-binh-chanh/ban-biet-thu-200m2-khu-ben-song-thu-duc-gia-re-pr43021501,"Bán đất biệt thự 200m2, khu bên sông, Hiệp Bình Chánh, Thủ Đức giá rẻ","Đường Số 27, Phường Hiệp Bình Chánh, Thủ Đức, Hồ Chí Minh",Biệt thự,"16,5 tỷ","~82,5 triệu/m²",,Thủ Đức,200 m²,"9,5 m",15 m,Tây - Nam,,,,Sổ đỏ/ Sổ hồng.,10.8325805093905,106.732289416061,Thành phố Hồ Chí Minh
https://batdongsan.com.vn/ban-can-ho-chung-cu-duong-nguyen-van-linh-phuong-tan-thuan-tay-1-prj-eco-green-sai-gon/ban-nhanh-goc-2pn2wc-64m2-ban-cong-view-quan-1-tai-gia-chi-4-905-ty-pr43104311,"Bán nhanh căn góc 2PN 2WC 64m2 ban công view Quận 1 tại Eco Green Sài Gòn, giá chỉ 4,905 tỷ","Eco Green Sài Gòn, Nguyễn Văn Linh, Tân Thuận Tây, Quận 7, Hồ Chí Minh",Căn hộ chung cư,"4,91 tỷ","~76,28 triệu/m²",2 phòng,Quận 7,"64,3 m²",,,Nam,Bắc,,,HĐMB,10.7507795103531,106.723630502028,Thành phố Hồ Chí Minh
https://batdongsan.com.vn/ban-can-ho-chung-cu-duong-dao-tri-phuong-phu-thuan-3-prj-q7-saigon-riverside/ban-1pn-2pn-3pn-sai-gon-riverside-pr33886563,"Q7 Riverside mới lắm 2PN 3.05 tỷ giá có thuế phí, nhà rất mới căn này rất mát LH: 0902 651 ***","Dự án Q7 Saigon Riverside, Đường Đào Trí, Phường Phú Thuận, Quận 7, Hồ Chí Minh",Căn hộ chung cư,"3,05 tỷ","~45,76 triệu/m²",2 phòng,Quận 7,"66,66 m²",,,,,,,HĐMB,10.7180337905884,106.742393493652,Thành phố Hồ Chí Minh
https://batdongsan.com.vn/ban-nha-biet-thu-lien-ke-duong-tu-xuong-phuong-vo-thi-sau/-tai-quan-3-ho-chi-minh-gia-cuc-chat-92-ty-125-m2-pr43219813,"Nhà riêng tại đường Tú Xương, Quận 3, Hồ Chí Minh, 7mx20m giá cực chất 92 tỷ, 119,3m2","Đường Tú Xương, Phường Võ Thị Sáu, Quận 3, Hồ Chí Minh",Nhà riêng,92 tỷ,"~771,16 triệu/m²",8 phòng,Quận 3,"119,3 m²",,20 m,,,4 tầng,,Sổ đỏ/ Sổ hồng.,10.7804649221356,106.686257124105,Thành phố Hồ Chí Minh
https://batdongsan.com.vn/ban-nha-biet-thu-lien-ke-duong-vo-chi-cong-phuong-phu-huu-2-prj-mega-village/chinh-chu-ban-can-tho-5x15m-gia-tot-t-trong-khu-goi-ngay-o982667473-pr33906590,Chính chủ bán nhà phố Mega Village 5x15m. Không đối nhà. Sổ hồng riêng. Gọi 0982 667 *** Mr Phan Điền,"Dự án Mega Village, Đường Võ Chí Công, Phường Phú Hữu, Quận 9, Hồ Chí Minh",Biệt thự/Liền kề,8 tỷ,"~106,67 triệu/m²",3 phòng,Quận 9,75 m²,5 m,20 m,Tây - Bắc,Tây - Bắc,3 tầng,,Sổ đỏ/ Sổ hồng,10.7847099304199,106.79044342041,Thành phố Hồ Chí Minh
https://batdongsan.com.vn/ban-nha-rieng-duong-160-phuong-tang-nhon-phu-a/bn-gp-3-dep-lung-linh-ngy-trung-tm-80m2-gi-7-ty-pr43179344,"Bán gấp nhà 3 tầng đẹp lung linh ngay trung tâm Tăng Nhơn Phú A, 72.1m2 giá 7 tỷ","Đường 160, Phường Tăng Nhơn Phú A, Quận 9, Hồ Chí Minh",Nhà riêng,7 tỷ,"~97,09 triệu/m²",4 phòng,Quận 9,"72,1 m²",,,,,3 tầng,,Sổ đỏ/ Sổ hồng,10.8376424483315,106.790499122963,Thành phố Hồ Chí Minh
https://batdongsan.com.vn/ban-nha-rieng-duong-trinh-dinh-trong-phuong-phu-trung/ban-van-phong-cong-ty-86-58-quan-tan-pr42834373,BÁN NHÀ - VĂN PHÒNG HẺM XE HƠI LÔ GÓC ĐẸP DIỆN TÍCH KHỦNG TRỊNH ĐÌNH TRỌNG TÂN PHÚ,"86/58 Đường Trịnh Đình Trọng, Phường Phú Trung, Tân Phú, Hồ Chí Minh",Nhà riêng,"11,8 tỷ","~84,29 triệu/m²",2 phòng,,140 m²,"4,8 m",4 m,Tây,,1 tầng,,Sổ đỏ/ Sổ hồng,10.7765579040721,106.644336814972,Thành phố Hồ Chí Minh
https://batdongsan.com.vn/ban-can-ho-chung-cu-duong-dao-tri-phuong-phu-thuan-3-prj-q7-saigon-riverside/-toan-bo-gio-hang-4-block-gia-sieu-tot-view-song-trieu-do-2pn-68m2-3-2ty-xem-24-7-pr41036963,"(Toàn bộ giỏ hàng 4 block căn góc 2PN 68m2) Q7 Riverside giá siêu tốt, view sông 3tỷ 0939 720 ***","Dự án Q7 Saigon Riverside, Đường Đào Trí, Phường Phú Thuận, Quận 7, Hồ Chí Minh",Căn hộ chung cư,3 tỷ,"~44,12 triệu/m²",2 phòng,Quận 7,68 m²,,,,,,,Hợp đồng mua bán,10.7182770922143,106.742030670427,Thành phố Hồ Chí Minh
https://batdongsan.com.vn/ban-can-ho-chung-cu-duong-lo-lu-phuong-truong-thanh-prj-chung-cu-elysian/ro-si-dot-1-du-an-gia-53-trieu-m2-102-toan-theo-tien-do-den-2029-chiet-khau-8-pr43268498,Rổ sỉ đợt 1 dự án Elysian giá 53 triệu/m2 (102%). Thanh toán theo tiến độ đến 2029. Chiết khấu 8%,"Dự án Elysian, Đường Lò Lu, Phường Trường Thạnh, Quận 9, Hồ Chí Minh",Căn hộ chung cư,"4,2 tỷ","~52,5 triệu/m²",2 phòng,Quận 9,80 m²,,,,,,,Hợp đồng mua bán,10.8264079408901,106.818551873163,Thành phố Hồ Chí Minh
https://batdongsan.com.vn/ban-can-ho-chung-cu-pho-ton-duc-thang-phuong-ben-nghe-prj-grand-marina-saigon/bo-phan-chuyen-nhuong-update-ban-3pn-117m2-53t-ty-gia-tot-cuoi-cung-pr43277799,Bộ phận chuyển nhượng căn hộ Grand Marina Saigon update bán căn 3PN -117m2- 53 tỷ giá tốt cuối cùng,"Dự án Grand Marina Saigon, Phố Tôn Đức Thắng, Phường Bến Nghé, Quận 1, Hồ Chí Minh",Căn hộ,53 tỷ,"~452,99 triệu/m²",3 phòng,Quận 1,117 m²,,,,,,,Sổ đỏ/ Sổ hồng,10.7785288561093,106.706720793124,Thành phố Hồ Chí Minh
https://batdongsan.com.vn/ban-can-ho-chung-cu-duong-dien-bien-phu-phuong-22-prj-vinhomes-central-park/cap-nhat-moi-nhat-gio-hang-1-2-3-4pn-lm81-penhouse-gia-re-nhat-thi-truong-lh-pr42990046,"Cập nhật T6/2025 - 1, 2, 3, 4PN, LM81, Penthouse - Giá rẻ nhất thị trường LH: 0909 106 ***","Dự án Vinhomes Central Park, Đường Điện Biên Phủ, Phường 22, Bình Thạnh, Hồ Chí Minh",Căn hộ chung cư,"11,5 tỷ","~91,27 triệu/m²",3 phòng,Bình Thạnh,126 m²,,,,,,,Sổ đỏ/ Sổ hồng,10.7946298989502,106.721546769002,Thành phố Hồ Chí Minh
https://batdongsan.com.vn/ban-can-ho-chung-cu-duong-xa-lo-ha-noi-phuong-thao-dien-prj-masteri-an-phu/pkd-se-mes-b-gap-2pn-td-gia-chi-6-5-ty-re-nhat-tro-vay-70-pr43209130,"Rẻ nhất dự án để đầu tư - Căn 2PN Masteri An Phú giá chỉ 6,5 tỷ - Hỗ trợ vay 80% - Dòng tiền sẵn","Dự án Masteri An Phú, Đường Xa Lộ Hà Nội, Phường Thảo Điền, Quận 2, Hồ Chí Minh",Căn hộ chung cư,"6,5 tỷ","~87,84 triệu/m²",2 phòng,Quận 2,74 m²,,,Đông - Nam,Đông - Nam,,,Sổ đỏ/ Sổ hồng,10.801035476444964,106.73798058633325,Thành phố Hồ Chí Minh
https://batdongsan.com.vn/ban-can-ho-chung-cu-duong-dien-bien-phu-phuong-22-prj-the-landmark-81-vinhomes-central-park/hot-ra-nhanh-trong-thang-1pn-lm81-gia-dung-7-9-ty-thu-ve-view-dep-full-noi-that-co-so-pr43275068,"Hot! Ra nhanh trong tháng căn 1PN LP-28.OT03 giá 5 tỷ 390 btp view thành phố , full nội thất","Dự án The Landmark 81, Đường Điện Biên Phủ, Phường 22, Bình Thạnh, Hồ Chí Minh",Căn hộ chung cư,"5,39 tỷ","~101,7 triệu/m²",1 phòng,Bình Thạnh,53 m²,,,,,,,Sổ đỏ/ Sổ hồng,10.79899161607285,106.71965792644342,Thành phố Hồ Chí Minh
https://batdongsan.com.vn/ban-can-ho-chung-cu-pho-ton-duc-thang-phuong-ben-nghe-prj-vinhomes-golden-river-ba-son/deal-hot-3pn-vong-cung-pkd-bason-cap-nhat-gio-hang-gia-re-nhat-thi-truong-1pn2pn3pn4pn-t06-2025-pr43273872,Deal hot 3PN vòng cung PKD bason cập nhật giỏ hàng giá rẻ nhất thị trường 1PN2PN3PN4PN T06/2025,"Dự án Vinhomes Golden River Ba Son, Phố Tôn Đức Thắng, Phường Bến Nghé, Quận 1, Hồ Chí Minh",Căn hộ chung cư,"34,8 tỷ","~287,6 triệu/m²",3 phòng,Quận 1,121 m²,,,Đông - Nam,Đông - Nam,,,Sổ đỏ/ Sổ hồng,10.78408021777962,106.7035231323138,Thành phố Hồ Chí Minh
https://batdongsan.com.vn/ban-can-ho-chung-cu-duong-mai-chi-tho-phuong-thu-thiem-prj-empire-city-thu-thiem/nam-full-gio-hang-dang-ban-tai-1pn-2pn-3pn-4pn-moi-nhat-cam-ket-gia-re-nhat-thi-truong-pr43020217,Nắm full giỏ hàng đang bán tại Empire City 1PN-2PN-3PN-4PN mới nhất. Cam kết giá rẻ nhất thị trường,"Empire City Thủ Thiêm, Mai Chí Thọ, Thủ Thiêm, Quận 2, Hồ Chí Minh",Căn hộ chung cư,"9,9 tỷ","~154,69 triệu/m²",1 phòng,Quận 2,64 m²,,,,,,,Hợp đồng mua bán,10.7692830742006,106.71657898315,Thành phố Hồ Chí Minh
https://batdongsan.com.vn/ban-can-ho-chung-cu-phuong-long-binh-3-prj-the-beverly-vinhomes-grand-park/gia-chu-ban-gap-1pn-view-truc-dien-cong-vien-pr43272930,GIA CHỦ CẦN BÁN GẤP CĂN BEVERLY 1PN+ VIEW TRỰC DIỆN CÔNG VIÊN,"Dự án The Beverly - Vinhomes Grand Park, Phường Long Bình, Quận 9, Hồ Chí Minh",Căn hộ chung cư,"4,14 tỷ","~76,81 triệu/m²",1 phòng,Quận 9,"53,9 m²",,,,Đông - Nam,,,,10.843657064542583,106.84541124472527,Thành phố Hồ Chí Minh
https://batdongsan.com.vn/ban-can-ho-chung-cu-phuong-long-thanh-my-prj-vinhomes-grand-park/dang-ban-gap-cac-1pn-1-2pn-gia-chi-tu-3-ty-pr43269736,Đang cần bán gấp các căn hộ 1PN + 1 & 2PN - Giá chỉ từ 2.6 tỷ,"Dự án Vinhomes Grand Park, Phường Long Thạnh Mỹ, Quận 9, Hồ Chí Minh",Căn hộ,"2,6 tỷ","~44,07 triệu/m²",2 phòng,Quận 9,59 m²,,,,,,,,10.841741064151433,106.84051655312233,Thành phố Hồ Chí Minh
https://batdongsan.com.vn/ban-can-ho-chung-cu-duong-dien-bien-phu-phuong-22-prj-vinhomes-central-park/-ban-4pn-tai-vinmes-quan-binh-thanh-tp-hcm-pr43271474,"Cần bán căn hộ 4PN tại Vinhomes Central Park Quận Bình Thạnh, TP. HCM","Dự án Vinhomes Central Park, Đường Điện Biên Phủ, Phường 22, Bình Thạnh, Hồ Chí Minh",Căn hộ,23 tỷ,"~149,74 triệu/m²",4 phòng,Bình Thạnh,"153,6 m²",,,,Đông - Nam,,,Hợp đồng mua bán,10.795062693970895,106.72051652213186,Thành phố Hồ Chí Minh
https://batdongsan.com.vn/ban-can-ho-chung-cu-duong-nguyen-co-thach-phuong-an-khanh-prj-the-river-thu-thiem/gio-hang-doc-quyen-hon-99-view-dep-nhat-gia-tot-nhat-thi-truong-pr40790843,"Giỏ hàng độc quyền hơn 99 căn The River Thủ Thiêm sổ hồng, view đẹp nhất, giá tốt nhất thị trường","Dự án The River Thủ Thiêm, Đường Nguyễn Cơ Thạch, Phường An Khánh, Quận 2, Hồ Chí Minh",Căn hộ chung cư,11 tỷ,"~117,02 triệu/m²",2 phòng,Quận 2,94 m²,,,Tây - Nam,Đông - Bắc,,,Sổ đỏ/ Sổ hồng,10.7824411392212,106.719352722168,Thành phố Hồ Chí Minh
https://batdongsan.com.vn/ban-can-ho-chung-cu-duong-mai-chi-tho-phuong-thu-thiem-prj-empire-city-thu-thiem/tin-that-100-cap-nhat-top-moi-t6-2025-du-loai-hinh-png-ngu-gia-ban-tot-nhat-city-pr43141988,"Tin thật 100%- cập nhật top căn hộ mới T6/2025 đủ loại hình phòng ngủ, giá bán tốt nhất Empire City","Empire City Thủ Thiêm, Mai Chí Thọ, Thủ Thiêm, Quận 2, Hồ Chí Minh",Căn hộ,"14,9 tỷ","~161,96 triệu/m²",2 phòng,Quận 2,92 m²,,,Đông,Đông - Bắc,,,Hợp đồng mua bán,10.7702171903307,106.716021810825,Thành phố Hồ Chí Minh
https://batdongsan.com.vn/ban-can-ho-chung-cu-duong-lo-lu-phuong-truong-thanh-prj-chung-cu-elysian/elyisan-by-gamuda-land-gio-hang-da-dang-xin-payment-50-nhan-nha-cuc-hiem-pr42996356,Elyisan By Gamuda Land giỏ hàng đa dạng căn Block C giai đoạn đầu giá tốt nhất thị trường,"Dự án Elysian, Đường Lò Lu, Phường Trường Thạnh, Quận 9, Hồ Chí Minh",Căn hộ chung cư,4 tỷ,"~51,94 triệu/m²",2 phòng,Quận 9,77 m²,,,Đông,Tây,,,Hợp đồng mua bán,10.8268709919381,106.818411211032,Thành phố Hồ Chí Minh
https://batdongsan.com.vn/ban-can-ho-chung-cu-duong-lo-lu-phuong-truong-thanh-prj-chung-cu-elysian/penthouse-332-gamuda-land-tuyet-pham-xanh-giua-long-quan-9-so-luong-gioi-han-pr43270356,Penthouse 332 Elysian Gamuda Land tuyệt phẩm xanh giữa lòng Quận 9 - siêu phẩm giới hạn,"Dự án Elysian, Đường Lò Lu, Phường Trường Thạnh, Quận 9, Hồ Chí Minh",Căn hộ chung cư,20 tỷ,"~60,24 triệu/m²",,Quận 9,332 m²,,,,,,,Hợp đồng mua bán,10.82723066447209,106.81844148388782,Thành phố Hồ Chí Minh
https://batdongsan.com.vn/ban-can-ho-chung-cu-duong-vo-nguyen-giap-phuong-an-phu-prj-lumiere-riverside/tin-gia-that-em-hiep-chuyen-mua-ban-quan-2-pr41007787,"Tin giá thật. Em Hiệp chuyên bán căn hộ Lumiere Riverside, Quận 2. Đã có sổ hồng","Dự án Lumiere Riverside, Đường Võ Nguyên Giáp, Phường An Phú, Quận 2, Hồ Chí Minh",Căn hộ,"9,3 tỷ",~124 triệu/m²,2 phòng,Quận 2,75 m²,,,,,,,Đã có sổ.,10.8042373633798,106.749483349356,Thành phố Hồ Chí Minh
